Client,Loss,Accuracy
4,1.7278856039047241,0.59
1,1.7106558084487915,0.63
3,1.8504716157913208,0.53
5,1.7045502662658691,0.66
7,1.729434609413147,0.61
9,1.6868656873703003,0.63
6,1.6434335708618164,0.65
2,1.7076265811920166,0.62
8,1.6679162979125977,0.66
10,1.596348762512207,0.7
Average,1.702518880367279,0.628
