Client,Loss,Accuracy
4,1.9472955465316772,0.59
9,1.9296424388885498,0.63
3,2.0442147254943848,0.53
6,1.9120984077453613,0.65
7,1.9497736692428589,0.61
10,1.8666151762008667,0.7
1,1.9578604698181152,0.63
8,1.9084208011627197,0.66
5,1.9397364854812622,0.66
2,1.9433006048202515,0.62
Average,1.9398958325386046,0.628
