Client,Loss,Accuracy
4,0.02198680490255356,0.992
3,0.02198680490255356,0.992
9,0.02198680490255356,0.992
2,0.02198680490255356,0.992
1,0.02198680490255356,0.992
5,0.02198680490255356,0.992
8,0.02198680490255356,0.992
7,0.02198680490255356,0.992
6,0.02198680490255356,0.992
10,0.02198680490255356,0.992
Average,0.02198680490255356,0.9920000000000002
