Client,Loss,Accuracy
7,0.11275958269834518,0.9765
10,0.11275958269834518,0.9765
8,0.11275958269834518,0.9765
4,0.11275958269834518,0.9765
9,0.11275958269834518,0.9765
1,0.11275958269834518,0.9765
2,0.11275958269834518,0.9765
6,0.11275958269834518,0.9765
5,0.11275958269834518,0.9765
3,0.11275958269834518,0.9765
Average,0.11275958269834518,0.9765
