Client,Loss,Accuracy
7,1.646398901939392,0.61
8,1.581853985786438,0.66
6,1.5569746494293213,0.65
2,1.623579502105713,0.62
9,1.596618413925171,0.63
5,1.6151186227798462,0.66
10,1.498870611190796,0.7
3,1.7879066467285156,0.53
4,1.6392276287078857,0.59
1,1.6327458620071411,0.63
Average,1.6179294824600219,0.628
