Client,Loss,Accuracy
2,1.8490221500396729,0.62
8,1.8118494749069214,0.66
10,1.764752984046936,0.7
6,1.8099123239517212,0.65
1,1.862801432609558,0.63
3,1.9634462594985962,0.53
9,1.829704999923706,0.63
4,1.8705977201461792,0.59
7,1.8564013242721558,0.61
5,1.8414442539215088,0.66
Average,1.8459932923316955,0.628
