Client,Loss,Accuracy
8,0.029889212921261787,0.9906
10,0.029889212921261787,0.9906
6,0.029889212921261787,0.9906
4,0.029889212921261787,0.9906
9,0.029889212921261787,0.9906
1,0.029889212921261787,0.9906
7,0.029889212921261787,0.9906
2,0.029889212921261787,0.9906
5,0.029889212921261787,0.9906
3,0.029889212921261787,0.9906
Average,0.029889212921261787,0.9906
