Client,Loss,Accuracy
3,1.276668667793274,0.68
8,1.2951778173446655,0.72
10,1.4846171140670776,0.58
5,1.2678440809249878,0.67
2,1.412053108215332,0.64
4,1.4371347427368164,0.66
6,1.340348243713379,0.67
7,1.3858577013015747,0.66
1,1.5511575937271118,0.59
9,1.2672419548034668,0.69
Average,1.3718101024627685,0.6559999999999999
