Client,Loss,Accuracy
9,0.17056015133857727,0.9571428298950195
4,0.17564252018928528,0.9549999833106995
7,0.18224240839481354,0.9521428346633911
3,0.18187622725963593,0.9514285922050476
10,0.20542320609092712,0.9392856955528259
2,0.2087424397468567,0.9385714530944824
8,0.18042194843292236,0.9521428346633911
1,0.19269074499607086,0.9471428394317627
5,0.21479590237140656,0.9385714530944824
6,0.18677225708961487,0.9492856860160828
Average,0.18991678059101105,0.9480714201927185
