Client,Loss,Accuracy
2,0.22642996907234192,0.9385714530944824
10,0.22425812482833862,0.9392856955528259
5,0.22764632105827332,0.9385714530944824
3,0.19440558552742004,0.9514285922050476
1,0.2057923972606659,0.9471428394317627
9,0.18102943897247314,0.9571428298950195
4,0.1865963488817215,0.9549999833106995
6,0.20056815445423126,0.9492856860160828
8,0.193256214261055,0.9521428346633911
7,0.193569615483284,0.9521428346633911
Average,0.20335521697998046,0.9480714201927185
