Client,Loss,Accuracy
1,0.19227474927902222,0.9471428394317627
2,0.20835356414318085,0.9385714530944824
5,0.21477214992046356,0.9385714530944824
7,0.18196187913417816,0.9521428346633911
8,0.17997612059116364,0.9521428346633911
3,0.18140001595020294,0.9514285922050476
6,0.1868876963853836,0.9492856860160828
9,0.1702336221933365,0.9571428298950195
4,0.1758679747581482,0.9549999833106995
10,0.20487992465496063,0.9392856955528259
Average,0.18966076970100404,0.9480714201927185
