Client,Loss,Accuracy
5,0.2142709493637085,0.9385714530944824
7,0.1811918020248413,0.9521428346633911
6,0.18603916466236115,0.9492856860160828
4,0.17481458187103271,0.9549999833106995
2,0.20795699954032898,0.9385714530944824
3,0.18166093528270721,0.9514285922050476
9,0.16978061199188232,0.9571428298950195
1,0.1918237805366516,0.9471428394317627
10,0.20429827272891998,0.9392856955528259
8,0.1797858029603958,0.9521428346633911
Average,0.18916229009628296,0.9480714201927185
