Client,Loss,Accuracy
9,0.1701498180627823,0.9571428298950195
4,0.1764535754919052,0.9549999833106995
5,0.21472099423408508,0.9385714530944824
10,0.2056588977575302,0.9392856955528259
6,0.18649019300937653,0.9492856860160828
2,0.20863495767116547,0.9385714530944824
3,0.18261511623859406,0.9514285922050476
1,0.19272840023040771,0.9471428394317627
7,0.18204037845134735,0.9521428346633911
8,0.18061025440692902,0.9521428346633911
Average,0.1900102585554123,0.9480714201927185
