Client,Loss,Accuracy
3,0.1965523213148117,0.9482432007789612
2,0.20047114789485931,0.6261785626411438
7,0.1911454051733017,0.9473825097084045
9,0.19417192041873932,0.9478092789649963
1,0.19945795834064484,0.6260356903076172
6,0.18619582056999207,0.9503560662269592
10,0.2009284794330597,0.945601761341095
4,0.1919620931148529,0.9504164457321167
8,0.19007766246795654,0.9468678832054138
5,0.19065789878368378,0.9500246644020081
Average,0.19416207075119019,0.8838916063308716
