Client,Loss,Accuracy
9,0.19838686287403107,0.9477840065956116
4,0.19605447351932526,0.9503945708274841
1,0.2032461315393448,0.6260356903076172
8,0.1944432407617569,0.9468027353286743
5,0.19503143429756165,0.9500101804733276
2,0.20485904812812805,0.6261785626411438
6,0.19039089977741241,0.9502907991409302
7,0.19544589519500732,0.947374165058136
3,0.20100241899490356,0.9482210874557495
10,0.20585572719573975,0.9455867409706116
Average,0.19847161322832108,0.8838678538799286
