Client,Loss,Accuracy
4,0.20134741067886353,0.9471428394317627
3,0.2417668253183365,0.9475973844528198
6,0.2044416218996048,0.9504545331001282
9,0.18499690294265747,0.946168839931488
7,0.1984696090221405,0.9493506550788879
2,0.21210217475891113,0.36876624822616577
1,0.22555215656757355,0.36454546451568604
10,0.19877927005290985,0.9507791996002197
5,0.17939630150794983,0.9535714387893677
8,0.19532173871994019,0.948051929473877
Average,0.20421740114688874,0.8326428532600403
