Client,Loss,Accuracy
7,0.19215822219848633,0.9473764300346375
3,0.19742156565189362,0.9482378363609314
1,0.19989712536334991,0.6260356903076172
8,0.1908896118402481,0.9468485713005066
9,0.1951623409986496,0.947801411151886
2,0.2013860046863556,0.6261785626411438
6,0.18721792101860046,0.9503378868103027
10,0.20220446586608887,0.9455957412719727
5,0.19157977402210236,0.9500228762626648
4,0.19299763441085815,0.9504135847091675
Average,0.1950914666056633,0.883884859085083
