Client,Loss,Accuracy
8,0.19524362683296204,0.9467690587043762
5,0.19585473835468292,0.9500071406364441
3,0.20186690986156464,0.9482142925262451
9,0.19910655915737152,0.947773814201355
7,0.19632461667060852,0.9473714232444763
2,0.20572581887245178,0.6261785626411438
1,0.20403775572776794,0.6260356903076172
4,0.1966729462146759,0.9503833055496216
10,0.20675134658813477,0.9455809593200684
6,0.19114720821380615,0.9502500295639038
Average,0.19927315264940262,0.8838564276695251
