Client,Loss,Accuracy
9,0.19597777724266052,0.9478031396865845
5,0.19270364940166473,0.9500207901000977
1,0.2009652853012085,0.6260356903076172
4,0.19391170144081116,0.9504103064537048
10,0.20321281254291534,0.9455946683883667
3,0.19853445887565613,0.9482358694076538
7,0.1931106150150299,0.9473745822906494
6,0.18814142048358917,0.9503297209739685
2,0.2024167776107788,0.6261785626411438
8,0.1920013576745987,0.9468446969985962
Average,0.19609758555889129,0.8838828027248382
