Client,Loss,Accuracy
9,0.20110507309436798,0.947771430015564
6,0.1930527240037918,0.9502249956130981
5,0.19790764153003693,0.9499857425689697
4,0.1986508071422577,0.9503785967826843
2,0.20784609019756317,0.6261785626411438
1,0.2060682773590088,0.6260356903076172
3,0.20389974117279053,0.9482142925262451
8,0.1973409354686737,0.9467142820358276
10,0.2087841033935547,0.9455785751342773
7,0.19832737743854523,0.9473678469657898
Average,0.20129827708005904,0.8838450014591217
