Client,Loss,Accuracy
10,0.2021195888519287,0.9455940127372742
1,0.19956736266613007,0.6260356903076172
5,0.19130267202854156,0.9500216245651245
8,0.19067828357219696,0.946840226650238
3,0.19724096357822418,0.9482340216636658
2,0.20101256668567657,0.6261785626411438
6,0.186929851770401,0.9503214359283447
7,0.19203929603099823,0.947371244430542
4,0.1927034556865692,0.9504088163375854
9,0.19485171139240265,0.947799801826477
Average,0.1948445752263069,0.8838805437088013
