Client,Loss,Accuracy
3,0.1954117864370346,0.9482417702674866
7,0.18990282714366913,0.9473823308944702
8,0.18892790377140045,0.9468626379966736
9,0.1931193470954895,0.9478058815002441
1,0.19810833036899567,0.6260356903076172
10,0.20011217892169952,0.9456002712249756
6,0.1853080540895462,0.9503535032272339
4,0.19116634130477905,0.9504166841506958
5,0.18940772116184235,0.9500242471694946
2,0.1994311511516571,0.6261785626411438
Average,0.19308956414461137,0.8838901579380035
