Client,Loss,Accuracy
5,0.19099585711956024,0.9500252604484558
6,0.18659135699272156,0.9503467082977295
9,0.19453071057796478,0.9478033185005188
8,0.1903892308473587,0.9468582272529602
2,0.2009124755859375,0.6261785626411438
3,0.19712968170642853,0.9482395648956299
1,0.19953268766403198,0.6260356903076172
10,0.20174269378185272,0.9455983638763428
4,0.19251760840415955,0.9504153728485107
7,0.1916579008102417,0.9473796486854553
Average,0.19460002034902574,0.8838880717754364
