Client,Loss,Accuracy
5,0.18953922390937805,0.950025200843811
7,0.1899314969778061,0.9473823308944702
8,0.1890435367822647,0.9468669295310974
1,0.19833403825759888,0.6260356903076172
9,0.19307564198970795,0.9478093981742859
3,0.19547215104103088,0.948243260383606
4,0.19111530482769012,0.9504180550575256
2,0.1994328796863556,0.6261785626411438
10,0.20004545152187347,0.9456015229225159
6,0.18533535301685333,0.9503548741340637
Average,0.1931325078010559,0.8838915824890137
