Client,Loss,Accuracy
9,0.19398747384548187,0.9478053450584412
10,0.2012297809123993,0.9456004500389099
2,0.20055080950260162,0.6261785626411438
8,0.19002383947372437,0.9468629360198975
5,0.1905364841222763,0.9500245451927185
3,0.1966368854045868,0.9482419490814209
7,0.19100400805473328,0.9473821520805359
1,0.19931256771087646,0.6260356903076172
6,0.18634262681007385,0.9503553509712219
4,0.1920422464609146,0.9504173994064331
Average,0.19416667222976686,0.883890438079834
