Client,Loss,Accuracy
9,0.19858619570732117,0.9477914571762085
7,0.19578488171100616,0.9473728537559509
8,0.19469217956066132,0.9468214511871338
5,0.19530434906482697,0.9500142931938171
2,0.2051253765821457,0.6261785626411438
3,0.20125712454319,0.9482271671295166
4,0.19630716741085052,0.9503985643386841
6,0.19066122174263,0.9503071308135986
1,0.20353694260120392,0.6260356903076172
10,0.20615854859352112,0.9455900192260742
Average,0.1987413987517357,0.8838737189769745
