Client,Loss,Accuracy
4,0.19347123801708221,0.9504077434539795
3,0.19822907447814941,0.9482331275939941
7,0.19283095002174377,0.9473710060119629
2,0.20195110142230988,0.6261785626411438
10,0.20305144786834717,0.9455932378768921
9,0.1957007199525833,0.9477986097335815
1,0.20049606263637543,0.6260356903076172
6,0.18777891993522644,0.9503174424171448
8,0.19162246584892273,0.9468383193016052
5,0.19224873185157776,0.9500208497047424
Average,0.1957380712032318,0.8838794589042663
