Client,Loss,Accuracy
6,0.18517427146434784,0.9503552913665771
4,0.19080914556980133,0.950417160987854
1,0.19825661182403564,0.6260356903076172
3,0.1952916383743286,0.9482433795928955
10,0.19979509711265564,0.9456016421318054
2,0.19911202788352966,0.6261785626411438
9,0.19288687407970428,0.9478089213371277
5,0.18923059105873108,0.9500243067741394
7,0.18969511985778809,0.9473821520805359
8,0.18871049582958221,0.9468674659729004
Average,0.19289618730545044,0.8838914573192597
