Client,Loss,Accuracy
10,0.20413213968276978,0.9455936551094055
1,0.20171339809894562,0.6260356903076172
9,0.1967046558856964,0.9477992057800293
3,0.19929489493370056,0.9482336044311523
6,0.1888454258441925,0.9503194689750671
8,0.19281087815761566,0.9468387961387634
2,0.2032098025083542,0.6261785626411438
7,0.19393137097358704,0.9473706483840942
4,0.19459009170532227,0.9504082798957825
5,0.19345226883888245,0.9500212073326111
Average,0.19686849266290665,0.8838799118995666
