Client,Loss,Accuracy
2,0.20897310972213745,0.36876624822616577
3,0.23764416575431824,0.9478355050086975
8,0.1922127604484558,0.9479220509529114
7,0.19620683789253235,0.9494805335998535
6,0.2013847827911377,0.9503896236419678
5,0.17679665982723236,0.9535281658172607
9,0.18266087770462036,0.9461255669593811
1,0.22152791917324066,0.36454546451568604
4,0.19870147109031677,0.9472078084945679
10,0.19545069336891174,0.9508441686630249
Average,0.20115592777729036,0.8326645135879517
