Client,Loss,Accuracy
3,0.20256656408309937,0.9482196569442749
9,0.1999126821756363,0.9477821588516235
2,0.20641283690929413,0.6261785626411438
1,0.2047390639781952,0.6260356903076172
4,0.19744473695755005,0.9503928422927856
7,0.19703614711761475,0.9473732113838196
8,0.1959695965051651,0.9467982053756714
6,0.1918569803237915,0.950283944606781
10,0.20741654932498932,0.9455857276916504
5,0.1965460628271103,0.9500107169151306
Average,0.1999901220202446,0.8838660717010498
