Client,Loss,Accuracy
7,0.19194188714027405,0.9473757147789001
2,0.20107704401016235,0.6261785626411438
4,0.19283148646354675,0.950412929058075
1,0.1998128443956375,0.6260356903076172
8,0.1906769871711731,0.9468467235565186
5,0.19138798117637634,0.9500230550765991
9,0.19496306777000427,0.9478013515472412
10,0.20208138227462769,0.9455952644348145
3,0.19724713265895844,0.9482373595237732
6,0.18703234195709229,0.9503355622291565
Average,0.19490521550178527,0.8838842213153839
