Client,Loss,Accuracy
7,0.19929124414920807,0.947350025177002
5,0.1989235281944275,0.9499714374542236
1,0.20712825655937195,0.6260356903076172
8,0.19829407334327698,0.9466000199317932
2,0.20881929993629456,0.6261785626411438
4,0.19954973459243774,0.9503285884857178
3,0.20485153794288635,0.948199987411499
10,0.20980700850486755,0.9455500245094299
6,0.1940581053495407,0.9501857161521912
9,0.2021123319864273,0.9477428793907166
Average,0.20228351205587386,0.8838142931461335
