Client,Loss,Accuracy
1,0.2047634720802307,0.6260356903076172
7,0.19704627990722656,0.9473710060119629
8,0.19598829746246338,0.9467877149581909
5,0.19653931260108948,0.9500119090080261
10,0.2074190378189087,0.9455833435058594
3,0.20258058607578278,0.9482182264328003
9,0.2000124156475067,0.9477817416191101
4,0.19744360446929932,0.9503889083862305
2,0.2064356505870819,0.6261785626411438
6,0.19186276197433472,0.9502718448638916
Average,0.20000914186239244,0.8838628947734832
