Client,Loss,Accuracy
2,0.20054785907268524,0.6261785626411438
8,0.19019679725170135,0.9468428492546082
7,0.19147810339927673,0.947372317314148
5,0.19085218012332916,0.9500223398208618
10,0.20160500705242157,0.9455946683883667
3,0.19676879048347473,0.9482347965240479
4,0.19233722984790802,0.9504098296165466
9,0.19434502720832825,0.947800874710083
1,0.19914932548999786,0.6260356903076172
6,0.1865278035402298,0.9503259062767029
Average,0.19438081234693527,0.8838817834854126
