Client,Loss,Accuracy
10,0.1812639981508255,0.9549999833106995
7,0.186015322804451,0.9521428346633911
8,0.1770007312297821,0.956428587436676
1,0.21615535020828247,0.9407142996788025
4,0.17301154136657715,0.9585714340209961
9,0.18993787467479706,0.9514285922050476
2,0.2254355400800705,0.9357143044471741
6,0.19728690385818481,0.947857141494751
5,0.19938059151172638,0.947857141494751
3,0.17946456372737885,0.9557142853736877
Average,0.19249524176120758,0.9501428604125977
