Client,Loss,Accuracy
10,0.20377545058727264,0.9455893039703369
4,0.19424720108509064,0.9504030346870422
8,0.1924048215150833,0.9468278288841248
5,0.19314129650592804,0.9500178694725037
3,0.19896171987056732,0.9482282996177673
7,0.1936781108379364,0.9473737478256226
9,0.1965034008026123,0.947792112827301
2,0.20286254584789276,0.6261785626411438
6,0.18858614563941956,0.9503112435340881
1,0.20131556689739227,0.6260356903076172
Average,0.19654762595891953,0.8838757693767547
