Client,Loss,Accuracy
8,0.19053006172180176,0.9480000138282776
1,0.21924710273742676,0.36454546451568604
10,0.1933615505695343,0.9509350657463074
7,0.19496455788612366,0.9494675397872925
3,0.23497731983661652,0.9478311538696289
4,0.19722239673137665,0.9472337365150452
2,0.20711390674114227,0.36876624822616577
6,0.1995866298675537,0.9504675269126892
5,0.1752546727657318,0.9535324573516846
9,0.18115226924419403,0.9461168646812439
Average,0.19934104681015014,0.8326896071434021
