Client,Loss,Accuracy
10,0.20092613995075226,0.9455987215042114
9,0.19383622705936432,0.9478040933609009
7,0.19081152975559235,0.947380781173706
6,0.18597762286663055,0.9503481984138489
5,0.1902540922164917,0.950025200843811
4,0.19190046191215515,0.9504159688949585
1,0.19886919856071472,0.6260356903076172
8,0.18967583775520325,0.9468597769737244
2,0.20012594759464264,0.6261785626411438
3,0.19632269442081451,0.9482405185699463
Average,0.19386997520923616,0.8838887512683868
