Client,Loss,Accuracy
7,0.18932731449604034,0.9473819136619568
2,0.19878244400024414,0.6261785626411438
5,0.18886356055736542,0.9500243663787842
3,0.1948380172252655,0.9482424259185791
8,0.1883760392665863,0.9468643069267273
10,0.19947870075702667,0.9456008672714233
6,0.1848238706588745,0.9503554701805115
1,0.19769735634326935,0.6260356903076172
9,0.19246448576450348,0.9478075504302979
4,0.19056354463100433,0.9504176378250122
Average,0.192521533370018,0.8838908791542053
