Client,Loss,Accuracy
10,0.19236403703689575,0.9510129690170288
6,0.19874443113803864,0.9505195021629333
7,0.19453108310699463,0.9495324492454529
5,0.17447063326835632,0.9535649418830872
9,0.18046532571315765,0.9461363554000854
8,0.1895453929901123,0.9480454325675964
2,0.20661680400371552,0.36876624822616577
1,0.21821163594722748,0.36454546451568604
4,0.1965625137090683,0.9472857117652893
3,0.23420986533164978,0.9479026198387146
Average,0.19857217222452164,0.8327311694622039
