Client,Loss,Accuracy
4,0.1912623643875122,0.9504186511039734
7,0.19022594392299652,0.9473821520805359
9,0.1932935118675232,0.9478079080581665
2,0.19956877827644348,0.6261785626411438
8,0.18922343850135803,0.9468662738800049
1,0.19846326112747192,0.6260356903076172
10,0.20031405985355377,0.9456011652946472
3,0.1956922858953476,0.9482428431510925
5,0.18965491652488708,0.9500250220298767
6,0.1855025291442871,0.9503555297851562
Average,0.1933201089501381,0.8838913798332214
