Client,Loss,Accuracy
3,0.19589318335056305,0.9482398629188538
4,0.1917296200990677,0.9504142999649048
2,0.1999674290418625,0.6261785626411438
9,0.19350172579288483,0.9478035569190979
10,0.20085887610912323,0.9455976486206055
7,0.19055074453353882,0.9473785758018494
8,0.1894451379776001,0.9468559622764587
1,0.1984543800354004,0.6260356903076172
6,0.18576833605766296,0.9503446221351624
5,0.19006288051605225,0.9500238299369812
Average,0.19362323135137557,0.8838872611522675
