Client,Loss,Accuracy
6,0.18587161600589752,0.9503456354141235
10,0.20087336003780365,0.9455979466438293
4,0.19180163741111755,0.9504147171974182
9,0.1936584860086441,0.9478035569190979
1,0.1985790729522705,0.6260356903076172
3,0.19604052603244781,0.9482407569885254
8,0.18955940008163452,0.9468565583229065
7,0.19065314531326294,0.9473790526390076
5,0.1901106834411621,0.9500241875648499
2,0.20011653006076813,0.6261785626411438
Average,0.19372644573450087,0.883887666463852
