Client,Loss,Accuracy
8,0.18943971395492554,0.9468625783920288
3,0.19576331973075867,0.9482418894767761
9,0.19355210661888123,0.9478055834770203
4,0.1916191726922989,0.9504172801971436
2,0.19988396763801575,0.6261785626411438
5,0.18988925218582153,0.950024425983429
6,0.1857432872056961,0.9503539800643921
7,0.19036796689033508,0.9473824501037598
1,0.19859318435192108,0.6260356903076172
10,0.200492262840271,0.9456003904342651
Average,0.1935344234108925,0.8838902831077575
