Client,Loss,Accuracy
6,0.18604359030723572,0.9503474235534668
7,0.1908973604440689,0.9473798871040344
3,0.19645704329013824,0.9482397437095642
2,0.2003527134656906,0.6261785626411438
9,0.19397106766700745,0.9478035569190979
8,0.18980680406093597,0.9468587636947632
1,0.19889596104621887,0.6260356903076172
4,0.19205142557621002,0.9504156112670898
10,0.2009948045015335,0.9455984830856323
5,0.1904187649488449,0.9500254392623901
Average,0.19398895353078843,0.8838883161544799
