Client,Loss,Accuracy
10,0.20338836312294006,0.9455904960632324
6,0.18810807168483734,0.9503166675567627
4,0.193771630525589,0.9504047632217407
1,0.200810045003891,0.6260356903076172
3,0.19854839146137238,0.9482297897338867
8,0.19194909930229187,0.9468297362327576
9,0.19604066014289856,0.9477916955947876
5,0.19259138405323029,0.9500178694725037
2,0.20233488082885742,0.6261785626411438
7,0.19318418204784393,0.9473726153373718
Average,0.19607267081737517,0.8838767886161805
