Client,Loss,Accuracy
2,0.20638135075569153,0.6261785626411438
1,0.20472928881645203,0.6260356903076172
6,0.19179752469062805,0.9501845240592957
4,0.19725607335567474,0.9503452181816101
3,0.20244985818862915,0.9481964111328125
5,0.19655033946037292,0.9499762058258057
9,0.19966095685958862,0.9477559328079224
10,0.207265242934227,0.9455595016479492
7,0.19686080515384674,0.9473512172698975
8,0.19581186771392822,0.9466488361358643
Average,0.1998763307929039,0.8838232100009918
