Client,Loss,Accuracy
9,0.19327370822429657,0.9478090405464172
7,0.19019301235675812,0.9473826289176941
4,0.1913561373949051,0.9504172801971436
1,0.1988632082939148,0.6260356903076172
6,0.18560779094696045,0.9503552913665771
3,0.19575393199920654,0.9482434391975403
8,0.18929940462112427,0.9468673467636108
2,0.1996423602104187,0.6261785626411438
10,0.20031124353408813,0.9456017017364502
5,0.18984849750995636,0.9500240683555603
Average,0.1934149295091629,0.8838915050029754
