Client,Loss,Accuracy
9,0.193759486079216,0.9478054642677307
7,0.19059178233146667,0.9473820328712463
10,0.20065495371818542,0.9456000924110413
2,0.1999695599079132,0.6261785626411438
8,0.18948350846767426,0.9468618631362915
4,0.1916409432888031,0.9504163265228271
3,0.1961314082145691,0.9482410550117493
6,0.1858556866645813,0.9503524303436279
1,0.198736310005188,0.6260356903076172
5,0.1901034116744995,0.9500258564949036
Average,0.19369270503520966,0.8838899374008179
