Client,Loss,Accuracy
6,0.19356758892536163,0.9502301812171936
10,0.2091950923204422,0.9455714225769043
1,0.20659369230270386,0.6260356903076172
9,0.2015957534313202,0.9477658867835999
7,0.19876500964164734,0.9473651051521301
8,0.1977904736995697,0.9467142820358276
5,0.19843794405460358,0.9499801397323608
3,0.20434610545635223,0.9482102990150452
2,0.20840395987033844,0.6261785626411438
4,0.19913673400878906,0.9503729939460754
Average,0.2017832353711128,0.8838424563407898
