Client,Loss,Accuracy
7,0.18716701865196228,0.9521428346633911
4,0.17370392382144928,0.9585714340209961
5,0.1999572515487671,0.947857141494751
2,0.22686462104320526,0.9357143044471741
8,0.17776961624622345,0.956428587436676
1,0.21695630252361298,0.9407142996788025
6,0.19829678535461426,0.947857141494751
9,0.19063405692577362,0.9514285922050476
3,0.17998075485229492,0.9557142853736877
10,0.18228527903556824,0.9549999833106995
Average,0.19336156100034713,0.9501428604125977
