Client,Loss,Accuracy
1,0.20394617319107056,0.6260356903076172
2,0.20555900037288666,0.6261785626411438
9,0.19904926419258118,0.9477840662002563
8,0.1951790452003479,0.9468116760253906
6,0.19109134376049042,0.9502954483032227
7,0.1962389051914215,0.9473749995231628
4,0.19670866429805756,0.9503977298736572
3,0.20174552500247955,0.9482223987579346
5,0.19572827219963074,0.9500113725662231
10,0.20666760206222534,0.9455876350402832
Average,0.19919137954711913,0.8838699579238891
