Client,Loss,Accuracy
5,0.18990778923034668,0.9500247836112976
7,0.19045716524124146,0.9473823308944702
4,0.1916501820087433,0.9504184126853943
8,0.18951213359832764,0.9468656778335571
2,0.19987985491752625,0.6261785626411438
1,0.1987483948469162,0.6260356903076172
9,0.19368602335453033,0.9478076100349426
6,0.18580007553100586,0.9503551125526428
10,0.2004694938659668,0.9456010460853577
3,0.19603686034679413,0.948242723941803
Average,0.19361479729413986,0.8838911950588226
