Client,Loss,Accuracy
1,0.1992177665233612,0.6260356903076172
4,0.19229446351528168,0.9504163265228271
2,0.20055243372917175,0.6261785626411438
6,0.18625925481319427,0.9503495097160339
10,0.20119957625865936,0.9455989599227905
3,0.19659550487995148,0.9482402801513672
8,0.19003456830978394,0.9468597173690796
7,0.19109559059143066,0.9473811388015747
5,0.1906697154045105,0.9500254988670349
9,0.19426637887954712,0.9478040933609009
Average,0.1942185252904892,0.883888977766037
