Client,Loss,Accuracy
7,0.1977575421333313,0.9473615884780884
3,0.20326228439807892,0.9482053518295288
2,0.2072417289018631,0.6261785626411438
6,0.19257839024066925,0.9502142667770386
8,0.19667010009288788,0.9466919898986816
10,0.20815034210681915,0.9455669522285461
1,0.20550312101840973,0.6260356903076172
9,0.20050853490829468,0.9477589130401611
5,0.19734281301498413,0.9499821662902832
4,0.198097363114357,0.9503660798072815
Average,0.2007112219929695,0.883836156129837
