Client,Loss,Accuracy
5,0.1916055679321289,0.95002281665802
3,0.1974034309387207,0.9482370615005493
10,0.20213662087917328,0.9455949664115906
6,0.18701863288879395,0.950334370136261
9,0.19500091671943665,0.9478009343147278
2,0.2012355476617813,0.6261785626411438
4,0.1929040551185608,0.9504126310348511
7,0.19203761219978333,0.9473753571510315
1,0.19985747337341309,0.6260356903076172
8,0.19086267054080963,0.9468457698822021
Average,0.19500625282526016,0.8838838160037994
