Client,Loss,Accuracy
2,0.20815573632717133,0.36876624822616577
8,0.19129043817520142,0.9478896260261536
9,0.18192969262599945,0.946168839931488
7,0.1956336349248886,0.9494155645370483
5,0.17599022388458252,0.9534740447998047
10,0.19432348012924194,0.9508116841316223
4,0.19811157882213593,0.9471753239631653
3,0.2365763783454895,0.9477922320365906
1,0.22039946913719177,0.36454546451568604
6,0.20047527551651,0.9504870176315308
Average,0.20028859078884126,0.8326526045799255
