Client,Loss,Accuracy
10,0.20124946534633636,0.9456007480621338
4,0.19206355512142181,0.9504175186157227
6,0.1864369660615921,0.9503545761108398
2,0.2004772126674652,0.6261785626411438
1,0.1994633674621582,0.6260356903076172
8,0.19005727767944336,0.9468643665313721
3,0.19662566483020782,0.9482423663139343
7,0.1910078376531601,0.9473817944526672
5,0.19061270356178284,0.9500242471694946
9,0.1940879374742508,0.9478073716163635
Average,0.19420819878578185,0.8838907241821289
