Client,Loss,Accuracy
4,0.19410209357738495,0.9504110813140869
7,0.19325919449329376,0.9473745822906494
10,0.20329689979553223,0.9455952644348145
3,0.19860047101974487,0.9482365250587463
2,0.2026025950908661,0.6261785626411438
5,0.192780539393425,0.9500214457511902
1,0.20108817517757416,0.6260356903076172
9,0.19613543152809143,0.9478039741516113
8,0.1920904964208603,0.9468444585800171
6,0.18818314373493195,0.9503317475318909
Average,0.19621390402317046,0.8838833332061767
