Client,Loss,Accuracy
5,0.1906222701072693,0.9500249624252319
10,0.20145808160305023,0.9455980658531189
4,0.19225376844406128,0.9504149556159973
3,0.19667179882526398,0.948239803314209
6,0.18639811873435974,0.9503452181816101
2,0.2005622535943985,0.6261785626411438
1,0.1991536021232605,0.6260356903076172
7,0.1912078857421875,0.9473792314529419
8,0.190118208527565,0.9468571543693542
9,0.19421835243701935,0.9478038549423218
Average,0.19426643401384353,0.8838877499103546
