Client,Loss,Accuracy
1,0.19904036819934845,0.6260356903076172
4,0.19225846230983734,0.9504138827323914
3,0.1967446506023407,0.9482391476631165
2,0.2006693035364151,0.6261785626411438
9,0.19441328942775726,0.9478016495704651
7,0.19141648709774017,0.9473775625228882
10,0.20162180066108704,0.9455969333648682
6,0.18652743101119995,0.9503412246704102
8,0.19022198021411896,0.9468533396720886
5,0.19084639847278595,0.9500235915184021
Average,0.19437601715326308,0.8838861584663391
