Client,Loss,Accuracy
5,0.18908366560935974,0.9500249028205872
6,0.18488161265850067,0.9503555297851562
8,0.18862637877464294,0.946865975856781
7,0.18957869708538055,0.9473824501037598
2,0.19902029633522034,0.6261785626411438
4,0.19088132679462433,0.9504185318946838
1,0.19786089658737183,0.6260356903076172
10,0.19951462745666504,0.9456011056900024
3,0.19499534368515015,0.9482427835464478
9,0.19267679750919342,0.947807788848877
Average,0.1927119642496109,0.8838913321495057
