Client,Loss,Accuracy
1,0.20089539885520935,0.6260356903076172
6,0.18812626600265503,0.95033860206604
3,0.19851455092430115,0.948238730430603
10,0.20321762561798096,0.9455965757369995
4,0.1938743144273758,0.9504133462905884
5,0.19259139895439148,0.9500231742858887
2,0.2024855613708496,0.6261785626411438
9,0.19607123732566833,0.9478009343147278
7,0.19306068122386932,0.9473769664764404
8,0.19197477400302887,0.9468511939048767
Average,0.196081180870533,0.8838853776454926
