Client,Loss,Accuracy
6,0.18606078624725342,0.9503551125526428
3,0.19617952406406403,0.9482430219650269
7,0.1906699687242508,0.9473822116851807
8,0.18971404433250427,0.9468653798103333
4,0.19177724421024323,0.9504178762435913
9,0.19387266039848328,0.9478074908256531
2,0.20016677677631378,0.6261785626411438
5,0.19019544124603271,0.9500246047973633
1,0.19886751472949982,0.6260356903076172
10,0.20072264969348907,0.9456009864807129
Average,0.19382266104221343,0.8838910937309266
