Client,Loss,Accuracy
10,0.2007397562265396,0.9455990791320801
5,0.1901254653930664,0.9500251412391663
6,0.1858544945716858,0.9503495693206787
3,0.1962796449661255,0.9482404589653015
1,0.19875477254390717,0.6260356903076172
8,0.18950432538986206,0.946860134601593
2,0.20002837479114532,0.6261785626411438
4,0.19174592196941376,0.9504165053367615
7,0.19068095088005066,0.9473812580108643
9,0.19386261701583862,0.94780433177948
Average,0.19375763237476348,0.8838890731334687
