Client,Loss,Accuracy
5,0.17439380288124084,0.953557014465332
1,0.21808777749538422,0.36454546451568604
2,0.20653259754180908,0.36876624822616577
6,0.1987130343914032,0.9505122900009155
9,0.18046733736991882,0.9461399912834167
10,0.19238890707492828,0.9510028958320618
8,0.1895882785320282,0.9480375051498413
7,0.1945028454065323,0.9495238065719604
4,0.196683868765831,0.9472799301147461
3,0.2342270314693451,0.9479004144668579
Average,0.1985585480928421,0.8327265560626984
