Client,Loss,Accuracy
3,0.19705870747566223,0.9482355713844299
5,0.1911870390176773,0.950020432472229
10,0.20183365046977997,0.9455943703651428
6,0.18684963881969452,0.9503282308578491
2,0.20089811086654663,0.6261785626411438
9,0.19462159276008606,0.9478018879890442
4,0.19267670810222626,0.9504098892211914
7,0.1917198747396469,0.9473732709884644
8,0.1905146688222885,0.9468435645103455
1,0.19946444034576416,0.6260356903076172
Average,0.19468244314193725,0.8838821470737457
