Client,Loss,Accuracy
1,0.1987667679786682,0.6260356903076172
8,0.18931415677070618,0.9468671679496765
10,0.2003028243780136,0.9456015825271606
3,0.1957634687423706,0.9482433199882507
2,0.19978393614292145,0.6261785626411438
6,0.18567325174808502,0.9503549337387085
9,0.19341693818569183,0.9478088021278381
7,0.1902322620153427,0.9473820924758911
4,0.19147172570228577,0.9504170417785645
5,0.18995538353919983,0.9500241875648499
Average,0.19346807152032852,0.8838913381099701
