Client,Loss,Accuracy
6,0.1901681274175644,0.9503108263015747
2,0.2045605480670929,0.6261785626411438
8,0.19411110877990723,0.9468240737915039
3,0.20063157379627228,0.9482275247573853
10,0.2056073099374771,0.9455886483192444
4,0.1957869529724121,0.9504007697105408
5,0.19476418197155,0.9500159025192261
1,0.20300084352493286,0.6260356903076172
9,0.1980445832014084,0.9477936625480652
7,0.19523882865905762,0.9473730325698853
Average,0.19819140583276748,0.8838748693466186
