Client,Loss,Accuracy
4,0.204861581325531,0.9503214359283447
9,0.20746967196464539,0.9477142691612244
7,0.2046620398759842,0.9473571181297302
2,0.21463996171951294,0.6261785626411438
10,0.2153199166059494,0.9455714225769043
1,0.21251460909843445,0.6260356903076172
6,0.19913433492183685,0.9499285817146301
3,0.21039800345897675,0.948285698890686
8,0.20384643971920013,0.9460357427597046
5,0.20443418622016907,0.9498928785324097
Average,0.207728074491024,0.8837321400642395
