Client,Loss,Accuracy
9,0.19405658543109894,0.947805643081665
7,0.1908484846353531,0.9473822116851807
10,0.2010950893163681,0.9456002116203308
1,0.19920210540294647,0.6260356903076172
2,0.20036783814430237,0.6261785626411438
5,0.19050920009613037,0.9500254988670349
3,0.1964929699897766,0.9482411742210388
8,0.18993577361106873,0.9468622207641602
4,0.19207105040550232,0.9504165053367615
6,0.18620239198207855,0.9503529667854309
Average,0.19407814890146255,0.8838900685310364
