Client,Loss,Accuracy
10,0.20565399527549744,0.9455885291099548
3,0.20076926052570343,0.9482235908508301
2,0.2045905590057373,0.6261785626411438
5,0.19481246173381805,0.9500124454498291
1,0.20302404463291168,0.6260356903076172
7,0.19530096650123596,0.9473757743835449
6,0.19022288918495178,0.9502996802330017
8,0.19420437514781952,0.9468151926994324
4,0.1958371251821518,0.9503990411758423
9,0.19813182950019836,0.9477888345718384
Average,0.19825475066900253,0.8838717341423035
