Client,Loss,Accuracy
8,0.19494906067848206,0.9467815160751343
9,0.1989928036928177,0.9477794170379639
5,0.19556285440921783,0.9500083923339844
10,0.20643575489521027,0.9455819129943848
3,0.20158788561820984,0.9482163786888123
4,0.19651763141155243,0.9503865838050842
7,0.19613204896450043,0.9473697543144226
6,0.19095046818256378,0.9502646923065186
1,0.20372535288333893,0.6260356903076172
2,0.20545795559883118,0.6261785626411438
Average,0.19903118163347244,0.8838602900505066
