Client,Loss,Accuracy
1,0.21827276051044464,0.36454546451568604
4,0.19688023626804352,0.9472727179527283
6,0.19875657558441162,0.9505032300949097
8,0.18974116444587708,0.9480276107788086
7,0.19450119137763977,0.9495129585266113
2,0.20656296610832214,0.36876624822616577
3,0.2344474345445633,0.9478896260261536
9,0.18053916096687317,0.9461363554000854
10,0.19250959157943726,0.9509983658790588
5,0.17471709847450256,0.9535470604896545
Average,0.19869281798601152,0.8327199637889862
