Client,Loss,Accuracy
8,0.19274169206619263,0.9468495845794678
4,0.19465023279190063,0.9504127502441406
9,0.19676336646080017,0.9478001594543457
10,0.20399358868598938,0.9455961585044861
3,0.19917935132980347,0.9482383131980896
5,0.19336073100566864,0.950023353099823
6,0.18881011009216309,0.9503399729728699
7,0.19379496574401855,0.9473763704299927
1,0.2016749233007431,0.6260356903076172
2,0.20325683057308197,0.6261785626411438
Average,0.19682257920503615,0.8838850915431976
