Client,Loss,Accuracy
5,0.19677889347076416,0.9500089287757874
8,0.19616533815860748,0.9467790126800537
4,0.1976061463356018,0.9503861665725708
10,0.20762205123901367,0.9455803632736206
7,0.19723087549209595,0.9473705291748047
9,0.20010308921337128,0.9477767944335938
3,0.20272815227508545,0.9482164978981018
6,0.19201336801052094,0.9502567052841187
2,0.2066832035779953,0.6261785626411438
1,0.20491139590740204,0.6260356903076172
Average,0.2001842513680458,0.8838589251041412
