Client,Loss,Accuracy
2,0.20985686779022217,0.6261785626411438
10,0.2108011543750763,0.9455118775367737
9,0.20308034121990204,0.9477142691612244
6,0.19500364363193512,0.950083315372467
8,0.1992770880460739,0.946488082408905
7,0.20023059844970703,0.9473452568054199
4,0.20057129859924316,0.9502975940704346
5,0.19991056621074677,0.9499523639678955
3,0.20585890114307404,0.948190450668335
1,0.2081981599330902,0.6260356903076172
Average,0.20327886193990707,0.8837797462940216
