Client,Loss,Accuracy
4,0.195765420794487,0.9503973126411438
2,0.20453289151191711,0.6261785626411438
1,0.20296849310398102,0.6260356903076172
3,0.20071819424629211,0.9482262134552002
6,0.19012793898582458,0.9503035545349121
8,0.19412773847579956,0.946818470954895
9,0.19808955490589142,0.9477902054786682
7,0.19518506526947021,0.9473749995231628
5,0.19474011659622192,0.9500133991241455
10,0.205603688955307,0.9455893039703369
Average,0.1981859102845192,0.8838727712631226
