Client,Loss,Accuracy
4,0.1910165250301361,0.9504189491271973
3,0.19531305134296417,0.9482430815696716
1,0.19827724993228912,0.6260356903076172
5,0.1893846094608307,0.9500253200531006
2,0.19922038912773132,0.6261785626411438
7,0.18979734182357788,0.9473825097084045
9,0.19285057485103607,0.9478083848953247
8,0.188822939991951,0.9468663334846497
10,0.19994695484638214,0.9456014037132263
6,0.18519553542137146,0.9503544569015503
Average,0.192982517182827,0.8838914692401886
