Client,Loss,Accuracy
8,0.19578006863594055,0.9467445015907288
9,0.19966204464435577,0.9477829933166504
7,0.1968930959701538,0.9473681449890137
3,0.2024344950914383,0.9482225179672241
2,0.20634785294532776,0.6261785626411438
4,0.1972632110118866,0.950390100479126
10,0.2073298692703247,0.9455769062042236
6,0.19169315695762634,0.9502500295639038
1,0.20462408661842346,0.6260356903076172
5,0.19636906683444977,0.9499972462654114
Average,0.1998396947979927,0.8838546693325042
