Client,Loss,Accuracy
10,0.20511358976364136,0.9455919861793518
3,0.20035289227962494,0.94823157787323
9,0.19770564138889313,0.9477943778038025
6,0.18973293900489807,0.9503192901611328
7,0.19488836824893951,0.9473744630813599
4,0.19534412026405334,0.9504069089889526
8,0.19373919069766998,0.9468333125114441
1,0.2025676965713501,0.6260356903076172
5,0.1943901777267456,0.9500194787979126
2,0.2041037231683731,0.6261785626411438
Average,0.19779383391141891,0.8838785648345947
