Client,Loss,Accuracy
6,0.18809036910533905,0.9503214359283447
8,0.19191785156726837,0.9468348026275635
10,0.20327824354171753,0.9455915093421936
5,0.19257405400276184,0.9500190019607544
1,0.20072156190872192,0.6260356903076172
4,0.19372181594371796,0.9504062533378601
7,0.19315600395202637,0.9473738670349121
2,0.2023012787103653,0.6261785626411438
9,0.19605086743831635,0.9477935433387756
3,0.19850267469882965,0.948231041431427
Average,0.19603147208690644,0.8838785707950592
