Client,Loss,Accuracy
4,0.19833359122276306,0.9503831267356873
5,0.19757510721683502,0.9499902725219727
3,0.20360644161701202,0.948217511177063
2,0.2075439691543579,0.6261785626411438
10,0.20845666527748108,0.9455747008323669
1,0.20575721561908722,0.6260356903076172
8,0.19697581231594086,0.9467175602912903
6,0.19276845455169678,0.9502402544021606
7,0.19802123308181763,0.9473701119422913
9,0.20083092153072357,0.9477759599685669
Average,0.20098694115877153,0.883848375082016
