Client,Loss,Accuracy
8,0.19601896405220032,0.9465267658233643
7,0.19707588851451874,0.9473392963409424
2,0.20651641488075256,0.6261785626411438
10,0.20749035477638245,0.9455357193946838
6,0.19201286137104034,0.950151801109314
4,0.19743642210960388,0.9503124952316284
3,0.20261242985725403,0.9481874704360962
1,0.204904243350029,0.6260356903076172
9,0.19996032118797302,0.947732150554657
5,0.19669073820114136,0.9499553442001343
Average,0.20007186383008957,0.8837955296039581
