Client,Loss,Accuracy
4,0.19125378131866455,0.9504130482673645
1,0.19781944155693054,0.6260356903076172
6,0.1854476034641266,0.9503375887870789
9,0.19328124821186066,0.9478005170822144
8,0.1889612078666687,0.9468504190444946
10,0.20053058862686157,0.9455963373184204
3,0.1954231560230255,0.9482385516166687
2,0.19942617416381836,0.6261785626411438
7,0.19032533466815948,0.9473766684532166
5,0.18963666260242462,0.9500229358673096
Average,0.19321051985025406,0.8838850319385528
