Client,Loss,Accuracy
2,0.1999274045228958,0.6261785626411438
8,0.1895492672920227,0.9468660950660706
6,0.18587899208068848,0.9503551721572876
3,0.1960657835006714,0.9482430219650269
1,0.19896665215492249,0.6260356903076172
7,0.1904447078704834,0.947382390499115
9,0.19351577758789062,0.9478082060813904
5,0.19005312025547028,0.9500252604484558
4,0.19168247282505035,0.9504188895225525
10,0.20069116353988647,0.9456013441085815
Average,0.1936775341629982,0.8838914632797241
