Client,Loss,Accuracy
3,0.19685012102127075,0.9482396841049194
1,0.19948625564575195,0.6260356903076172
6,0.18672111630439758,0.9503438472747803
9,0.1943807303905487,0.9478026628494263
4,0.19254416227340698,0.9504140615463257
5,0.1910473108291626,0.9500235915184021
7,0.19145354628562927,0.9473783373832703
2,0.20091472566127777,0.6261785626411438
8,0.19046905636787415,0.9468553066253662
10,0.2017987221479416,0.9455974698066711
Average,0.19456657469272615,0.8838869214057923
