Client,Loss,Accuracy
10,0.20636411011219025,0.9455910325050354
3,0.2015576958656311,0.9482303857803345
4,0.1965211182832718,0.9504055380821228
1,0.20378254354000092,0.6260356903076172
8,0.1950177699327469,0.9468318223953247
2,0.20541197061538696,0.6261785626411438
5,0.1955968141555786,0.9500184059143066
7,0.19605566561222076,0.9473732709884644
9,0.19891357421875,0.947792649269104
6,0.1909012496471405,0.9503191113471985
Average,0.19901225119829177,0.8838776469230651
