Client,Loss,Accuracy
4,0.1950160264968872,0.9503996968269348
7,0.19445088505744934,0.947373628616333
1,0.2021506130695343,0.6260356903076172
6,0.18937012553215027,0.950310468673706
9,0.19728192687034607,0.9477925896644592
3,0.199852854013443,0.9482280015945435
2,0.2037208527326584,0.6261785626411438
8,0.19326917827129364,0.9468241930007935
10,0.2047794908285141,0.9455879330635071
5,0.1939362734556198,0.950015127658844
Average,0.1973828226327896,0.8838745892047882
