Client,Loss,Accuracy
10,0.1940479576587677,0.9509832859039307
4,0.19779805839061737,0.9472727179527283
6,0.2000151425600052,0.9505009055137634
1,0.22019988298416138,0.36454546451568604
8,0.1909368634223938,0.9480055570602417
5,0.17577745020389557,0.9535343050956726
7,0.19540247321128845,0.9495176076889038
2,0.20764276385307312,0.36876624822616577
3,0.23592060804367065,0.9478756785392761
9,0.181598961353302,0.946131706237793
Average,0.1999340161681175,0.8327133476734161
