Client,Loss,Accuracy
1,0.19882641732692719,0.6260356903076172
9,0.19411002099514008,0.9478004574775696
8,0.18988721072673798,0.9468446969985962
7,0.19118735194206238,0.9473749995231628
5,0.19057372212409973,0.9500225186347961
2,0.20025956630706787,0.6261785626411438
10,0.20137472450733185,0.9455947279930115
3,0.1963845193386078,0.9482368230819702
6,0.18618738651275635,0.9503330588340759
4,0.19203291833400726,0.9504122734069824
Average,0.19408238381147386,0.8838833808898926
