Client,Loss,Accuracy
5,0.19029344618320465,0.950025737285614
3,0.1963675618171692,0.9482409358024597
4,0.19179029762744904,0.9504162073135376
1,0.19885282218456268,0.6260356903076172
2,0.20027829706668854,0.6261785626411438
7,0.19080877304077148,0.9473819136619568
10,0.2008790373802185,0.9455999732017517
9,0.19399598240852356,0.9478052258491516
6,0.1860039234161377,0.9503523707389832
8,0.1897568255662918,0.9468619227409363
Average,0.1939026966691017,0.8838898539543152
