Client,Loss,Accuracy
6,0.19862288236618042,0.9504870176315308
3,0.233579620718956,0.947857141494751
8,0.18920786678791046,0.9479870200157166
10,0.1919790357351303,0.9509631991386414
4,0.1963079273700714,0.9472619295120239
2,0.20614291727542877,0.36876624822616577
7,0.19438327848911285,0.949502170085907
1,0.21775789558887482,0.36454546451568604
9,0.18021346628665924,0.9461255669593811
5,0.17403694987297058,0.9535281658172607
Average,0.19822318404912947,0.8327023923397064
