Client,Loss,Accuracy
2,1.846711277961731,0.4668571352958679
10,1.8392728567123413,0.4738571345806122
1,1.792452096939087,0.47928571701049805
8,1.8444085121154785,0.46142858266830444
9,1.799852728843689,0.47521427273750305
7,1.854925513267517,0.47457143664360046
3,1.8675422668457031,0.45914286375045776
5,1.8549996614456177,0.4585714340209961
4,1.8557662963867188,0.45985713601112366
6,1.8871805667877197,0.4494999945163727
Average,1.8443111777305603,0.4658285707235336
