Client,Loss,Accuracy
1,0.2058148831129074,0.6260356903076172
6,0.1927991807460785,0.9502449035644531
4,0.19833821058273315,0.9503928422927856
7,0.1980300396680832,0.9473698735237122
8,0.19700324535369873,0.9467601776123047
3,0.20363274216651917,0.9482168555259705
10,0.2085084319114685,0.9455790519714355
5,0.19760854542255402,0.9499974250793457
9,0.20080998539924622,0.9477704167366028
2,0.20754429697990417,0.6261785626411438
Average,0.2010089561343193,0.8838545799255371
