Client,Loss,Accuracy
5,0.19816136360168457,0.9499940276145935
2,0.2081129401922226,0.6261785626411438
3,0.2042275071144104,0.9482202529907227
7,0.19862167537212372,0.9473720192909241
8,0.19761015474796295,0.9467321634292603
4,0.19888773560523987,0.9503868818283081
6,0.1933651566505432,0.9502529501914978
9,0.20142941176891327,0.9477797746658325
10,0.2091192752122879,0.9455744028091431
1,0.20633724331855774,0.6260356903076172
Average,0.20158724635839462,0.8838526725769043
