Client,Loss,Accuracy
10,0.20243577659130096,0.94559246301651
7,0.19217166304588318,0.9473739266395569
4,0.19288738071918488,0.9504064917564392
9,0.19505956768989563,0.9477951526641846
6,0.18717698752880096,0.9503214359283447
2,0.20131611824035645,0.6261785626411438
3,0.19757740199565887,0.948232114315033
1,0.19983206689357758,0.6260356903076172
5,0.19172942638397217,0.9500199556350708
8,0.1910579353570938,0.9468351006507874
Average,0.19512443244457245,0.8838790893554688
