Client,Loss,Accuracy
8,0.19065061211585999,0.9468636512756348
1,0.199916809797287,0.6260356903076172
5,0.191242516040802,0.9500239491462708
9,0.19472429156303406,0.9478057622909546
2,0.20119565725326538,0.6261785626411438
6,0.18692730367183685,0.9503562450408936
3,0.1972140371799469,0.9482421875
4,0.1926782876253128,0.9504172205924988
10,0.2017977386713028,0.9456006288528442
7,0.19162803888320923,0.9473819732666016
Average,0.1947975292801857,0.883890587091446
