Client,Loss,Accuracy
9,0.1936260312795639,0.9478073120117188
8,0.18940240144729614,0.9468650221824646
4,0.19155770540237427,0.9504177570343018
6,0.18585093319416046,0.9503546357154846
10,0.20064811408519745,0.9456009268760681
2,0.1998968869447708,0.6261785626411438
1,0.19872026145458221,0.6260356903076172
7,0.1904999017715454,0.9473820328712463
3,0.19604672491550446,0.9482425451278687
5,0.19005665183067322,0.9500244855880737
Average,0.19363056123256683,0.8838908970355988
