Client,Loss,Accuracy
7,0.19025512039661407,0.9473822116851807
10,0.20019344985485077,0.9456014633178711
1,0.19857650995254517,0.6260356903076172
3,0.19558343291282654,0.9482431411743164
2,0.1996891051530838,0.6261785626411438
5,0.1898692548274994,0.9500254392623901
4,0.19143293797969818,0.9504187107086182
8,0.18935377895832062,0.9468666315078735
6,0.1855267882347107,0.9503544569015503
9,0.19330288469791412,0.9478085041046143
Average,0.19337832629680635,0.8838914811611176
