Client,Loss,Accuracy
2,0.19944557547569275,0.6261785626411438
4,0.1912544071674347,0.9504137635231018
9,0.19331210851669312,0.9478023648262024
10,0.2004401832818985,0.9455972909927368
7,0.19025880098342896,0.9473780989646912
1,0.1980096846818924,0.6260356903076172
8,0.1890547126531601,0.9468546509742737
3,0.19555823504924774,0.9482395052909851
6,0.1854967176914215,0.9503429532051086
5,0.18973541259765625,0.9500234127044678
Average,0.1932565838098526,0.8838866293430329
