Client,Loss,Accuracy
4,0.19190539419651031,0.9504157900810242
9,0.19398346543312073,0.9478038549423218
10,0.20093634724617004,0.9455986022949219
7,0.19077393412590027,0.9473800659179688
2,0.2001751959323883,0.6261785626411438
3,0.19634249806404114,0.9482398629188538
5,0.1902911216020584,0.9500255584716797
8,0.18971361219882965,0.9468593001365662
1,0.19883404672145844,0.6260356903076172
6,0.18599973618984222,0.9503480792045593
Average,0.19389553517103195,0.8838885366916657
