Client,Loss,Accuracy
10,0.20428189635276794,0.9455928802490234
8,0.19290588796138763,0.9468367099761963
1,0.20174117386341095,0.6260356903076172
4,0.19463993608951569,0.9504071474075317
6,0.18894478678703308,0.9503152966499329
9,0.19687996804714203,0.9477969408035278
7,0.1940474957227707,0.9473744630813599
5,0.19354592263698578,0.950020432472229
3,0.19941483438014984,0.9482326507568359
2,0.20328901708126068,0.6261785626411438
Average,0.19696909189224243,0.8838790774345398
