Client,Loss,Accuracy
6,0.1861703097820282,0.9503459930419922
10,0.20114506781101227,0.9455981850624084
9,0.1940700262784958,0.9478035569190979
7,0.19108447432518005,0.947379469871521
4,0.19208896160125732,0.9504151940345764
5,0.19052055478096008,0.9500251412391663
8,0.18991221487522125,0.946858286857605
3,0.1965494006872177,0.9482399821281433
2,0.2004576176404953,0.6261785626411438
1,0.19895121455192566,0.6260356903076172
Average,0.19409498423337937,0.8838880062103271
