Client,Loss,Accuracy
3,0.19447074830532074,0.9482422471046448
9,0.19218923151493073,0.947807252407074
1,0.19731120765209198,0.6260356903076172
2,0.1984843760728836,0.6261785626411438
4,0.19034895300865173,0.9504173994064331
5,0.18858610093593597,0.9500240683555603
10,0.19911514222621918,0.945600688457489
7,0.1891053169965744,0.9473820924758911
6,0.18452230095863342,0.9503541588783264
8,0.188033327460289,0.9468640089035034
Average,0.19221667051315308,0.8838906168937684
