Client,Loss,Accuracy
6,0.19070544838905334,0.9503140449523926
10,0.20616784691810608,0.9455899000167847
7,0.19587135314941406,0.9473744034767151
2,0.20517781376838684,0.6261785626411438
9,0.19865138828754425,0.9477918744087219
1,0.20360451936721802,0.6260356903076172
8,0.19475045800209045,0.9468275904655457
4,0.19633911550045013,0.9504039287567139
3,0.2013283669948578,0.9482290744781494
5,0.19533783197402954,0.9500184655189514
Average,0.19879341423511504,0.8838763535022736
