Client,Loss,Accuracy
7,0.19362840056419373,0.949431836605072
5,0.1738027036190033,0.953555166721344
4,0.1957719475030899,0.9472078084945679
3,0.2327793687582016,0.947857141494751
10,0.19134177267551422,0.9508928656578064
1,0.21687930822372437,0.36454546451568604
9,0.1799505352973938,0.9461201429367065
2,0.2051362246274948,0.36876624822616577
6,0.19753968715667725,0.9504383206367493
8,0.18843550980091095,0.9479708075523376
Average,0.1975265458226204,0.8326785802841187
