Client,Loss,Accuracy
10,0.20100612938404083,0.9455994367599487
3,0.19644156098365784,0.9482408165931702
6,0.1860768049955368,0.9503518342971802
7,0.19078153371810913,0.9473817348480225
4,0.19194985926151276,0.9504160284996033
2,0.20030806958675385,0.6261785626411438
5,0.19028650224208832,0.9500255584716797
8,0.1897752285003662,0.9468610286712646
1,0.1990109384059906,0.6260356903076172
9,0.19393673539161682,0.9478050470352173
Average,0.19395733624696732,0.8838895738124848
