Client,Loss,Accuracy
4,0.1905161589384079,0.9504170417785645
6,0.18468819558620453,0.9503557085990906
9,0.19255177676677704,0.9478091597557068
5,0.1889370083808899,0.9500241875648499
2,0.19880890846252441,0.6261785626411438
3,0.19473299384117126,0.9482431411743164
7,0.18947812914848328,0.9473827481269836
1,0.1976170539855957,0.6260356903076172
10,0.1993643194437027,0.945601761341095
8,0.18833746016025543,0.9468675851821899
Average,0.1925032004714012,0.8838915586471557
