Client,Loss,Accuracy
9,0.19474643468856812,0.9478017687797546
7,0.19175107777118683,0.9473760724067688
6,0.18679967522621155,0.950336754322052
8,0.19051019847393036,0.946847677230835
3,0.19698354601860046,0.9482375979423523
1,0.1994735598564148,0.6260356903076172
2,0.20106889307498932,0.6261785626411438
4,0.19271422922611237,0.9504132866859436
5,0.1912641078233719,0.9500225782394409
10,0.20181776583194733,0.9455955028533936
Average,0.1947129487991333,0.8838845491409302
