Client,Loss,Accuracy
6,0.18643362820148468,0.9503488540649414
1,0.19930016994476318,0.6260356903076172
8,0.19019047915935516,0.9468597173690796
10,0.20139196515083313,0.945598840713501
7,0.19141234457492828,0.9473809599876404
5,0.19076639413833618,0.9500253796577454
3,0.19679881632328033,0.9482406973838806
2,0.20070616900920868,0.6261785626411438
4,0.1923397183418274,0.9504161477088928
9,0.1944291889667511,0.9478038549423218
Average,0.1943768873810768,0.8838888704776764
