Client,Loss,Accuracy
2,0.19949087500572205,0.6261785626411438
1,0.19836270809173584,0.6260356903076172
9,0.19301341474056244,0.9478080868721008
3,0.19541805982589722,0.9482429623603821
5,0.18964162468910217,0.9500251412391663
4,0.19117017090320587,0.9504187703132629
10,0.20011606812477112,0.9456012845039368
6,0.18532930314540863,0.9503551721572876
8,0.18905653059482574,0.9468661546707153
7,0.18993884325027466,0.9473822712898254
Average,0.19315375983715058,0.8838914096355438
