Client,Loss,Accuracy
8,0.19090138375759125,0.9468565583229065
3,0.1973545104265213,0.9482406377792358
9,0.19493719935417175,0.9478038549423218
2,0.20133160054683685,0.6261785626411438
10,0.20225730538368225,0.945597767829895
6,0.18713364005088806,0.9503448605537415
7,0.19197525084018707,0.9473788142204285
5,0.19138020277023315,0.9500240087509155
4,0.19298987090587616,0.9504145383834839
1,0.19993342459201813,0.6260356903076172
Average,0.1950194388628006,0.883887529373169
