Client,Loss,Accuracy
6,0.18436917662620544,0.9503562450408936
3,0.19440510869026184,0.9482420682907104
5,0.18841327726840973,0.9500242471694946
4,0.19022049009799957,0.9504175782203674
1,0.1971488744020462,0.6260356903076172
10,0.1990518718957901,0.9456005096435547
7,0.18893873691558838,0.947381854057312
9,0.19215095043182373,0.9478055834770203
2,0.1983453929424286,0.6261785626411438
8,0.18797387182712555,0.9468632936477661
Average,0.19210177510976792,0.883890563249588
