Client,Loss,Accuracy
6,0.1898643970489502,0.9502782225608826
8,0.19382210075855255,0.946793258190155
5,0.1944422721862793,0.9500131607055664
4,0.19547827541828156,0.9503909945487976
1,0.20262840390205383,0.6260356903076172
9,0.19786570966243744,0.9477838277816772
3,0.2004530131816864,0.948218047618866
10,0.20530538260936737,0.9455845952033997
2,0.2042451947927475,0.6261785626411438
7,0.19503745436668396,0.9473721981048584
Average,0.197914220392704,0.8838648557662964
