Client,Loss,Accuracy
10,0.2013704627752304,0.9455949664115906
4,0.19210584461688995,0.9504107236862183
9,0.19419008493423462,0.9478035569190979
7,0.19124524295330048,0.947374165058136
8,0.18991385400295258,0.9468449950218201
2,0.20028865337371826,0.6261785626411438
1,0.1988714635372162,0.6260356903076172
3,0.19650863111019135,0.9482362270355225
6,0.18632200360298157,0.9503311514854431
5,0.19062522053718567,0.9500210881233215
Average,0.1941441461443901,0.8838831126689911
