Client,Loss,Accuracy
10,0.20132164657115936,0.945595920085907
2,0.20045159757137299,0.6261785626411438
5,0.19062936305999756,0.9500231146812439
7,0.19125179946422577,0.9473760724067688
4,0.192169189453125,0.9504124522209167
3,0.19640029966831207,0.9482380747795105
1,0.1988878697156906,0.6260356903076172
6,0.18630628287792206,0.9503389596939087
9,0.19418509304523468,0.9477997422218323
8,0.18993927538394928,0.9468487501144409
Average,0.19415424168109893,0.883884733915329
