Client,Loss,Accuracy
5,0.1906699687242508,0.950023353099823
1,0.19897395372390747,0.6260356903076172
3,0.19652001559734344,0.9482389688491821
7,0.19112899899482727,0.9473772644996643
10,0.20137543976306915,0.9455967545509338
8,0.1900261491537094,0.9468519687652588
9,0.19410064816474915,0.9478012919425964
6,0.1863682121038437,0.9503396153450012
2,0.20051227509975433,0.6261785626411438
4,0.19211919605731964,0.9504136443138123
Average,0.19417948573827742,0.8838857114315033
