Client,Loss,Accuracy
8,0.19072110950946808,0.9468539953231812
3,0.19722706079483032,0.9482393264770508
1,0.19969159364700317,0.6260356903076172
4,0.19268818199634552,0.9504141807556152
5,0.19135119020938873,0.9500238299369812
6,0.18696624040603638,0.9503421187400818
10,0.20202279090881348,0.9455971121788025
2,0.20114849507808685,0.6261785626411438
9,0.1947864443063736,0.9478020071983337
7,0.19181767106056213,0.9473778009414673
Average,0.19484207779169083,0.8838864624500274
