Client,Loss,Accuracy
7,0.19431072473526,0.947371780872345
5,0.19379830360412598,0.9500219821929932
1,0.20213617384433746,0.6260356903076172
4,0.194898784160614,0.9504093527793884
2,0.2035570591688156,0.6261785626411438
3,0.1997195929288864,0.9482344388961792
8,0.19316159188747406,0.9468415975570679
6,0.18923328816890717,0.9503232836723328
10,0.20447267591953278,0.945594310760498
9,0.1971292942762375,0.94780033826828
Average,0.1972417488694191,0.8838811337947845
