Client,Loss,Accuracy
5,0.19279268383979797,0.9500200152397156
8,0.19217327237129211,0.9468423128128052
10,0.20343591272830963,0.9455949664115906
2,0.20259752869606018,0.6261785626411438
4,0.19405902922153473,0.9504103064537048
9,0.19610242545604706,0.947801411151886
1,0.2010989487171173,0.6260356903076172
6,0.18825437128543854,0.9503275156021118
7,0.1933085322380066,0.9473727941513062
3,0.19873520731925964,0.9482352137565613
Average,0.19625579118728637,0.8838818788528442
