Client,Loss,Accuracy
10,0.2006392925977707,0.9455991983413696
1,0.19874677062034607,0.6260356903076172
5,0.1901613175868988,0.9500253200531006
2,0.2000364512205124,0.6261785626411438
4,0.19174958765506744,0.9504166841506958
6,0.18586120009422302,0.9503507018089294
7,0.19073079526424408,0.9473814368247986
8,0.18959611654281616,0.9468610882759094
3,0.19626694917678833,0.9482405781745911
9,0.1938905566930771,0.9478045701980591
Average,0.1937679037451744,0.8838893830776214
