Client,Loss,Accuracy
9,0.20129850506782532,0.9476606845855713
3,0.20414763689041138,0.9482142925262451
6,0.19318681955337524,0.9499642848968506
4,0.19880205392837524,0.9502857327461243
5,0.19799280166625977,0.9499642848968506
10,0.20897039771080017,0.9454643130302429
1,0.20631350576877594,0.6260356903076172
2,0.20794066786766052,0.6261785626411438
8,0.1974632292985916,0.9463571310043335
7,0.19848333299160004,0.9473214149475098
Average,0.2014598950743675,0.8837446391582489
