Client,Loss,Accuracy
4,0.1922461986541748,0.9504163265228271
7,0.19110240042209625,0.9473816156387329
10,0.2011881321668625,0.9455993175506592
5,0.1906275898218155,0.9500254392623901
3,0.19677895307540894,0.9482406973838806
2,0.20053952932357788,0.6261785626411438
1,0.19927433133125305,0.6260356903076172
6,0.186329647898674,0.9503512978553772
8,0.19010084867477417,0.9468610286712646
9,0.19430764019489288,0.9478048086166382
Average,0.194249527156353,0.8838894784450531
