Client,Loss,Accuracy
7,0.18362505733966827,0.9492723345756531
5,0.1857389211654663,0.9486919641494751
10,0.19268901646137238,0.9482113122940063
8,0.18299749493598938,0.9495654702186584
3,0.18768310546875,0.9483452439308167
1,0.18631185591220856,0.9507693648338318
4,0.19092415273189545,0.9466249942779541
9,0.1902991086244583,0.950587809085846
2,0.1917734146118164,0.9468497037887573
6,0.19789548218250275,0.9483913779258728
Average,0.18899376094341278,0.9487309575080871
