Client,Loss,Accuracy
8,0.18418657779693604,0.94655841588974
7,0.21249830722808838,0.9490259885787964
1,0.2089163213968277,0.9472727179527283
5,0.21263402700424194,0.9474675059318542
9,0.2119123786687851,0.9483116865158081
6,0.21213264763355255,0.9457792043685913
3,0.20376737415790558,0.9486363530158997
10,0.243984654545784,0.9454545378684998
2,0.1926848441362381,0.9496104121208191
4,0.23390844464302063,0.9439610242843628
Average,0.211662557721138,0.9472077846527099
