Client,Loss,Accuracy
7,0.1993187665939331,0.9493321180343628
1,0.19605407118797302,0.9473562240600586
8,0.17421308159828186,0.9469480514526367
2,0.18022125959396362,0.9498515725135803
10,0.23313260078430176,0.94551020860672
9,0.19816315174102783,0.9486085176467896
4,0.213511660695076,0.9441744089126587
5,0.19902047514915466,0.9474675059318542
6,0.1998140811920166,0.9457699656486511
3,0.18590505421161652,0.948710560798645
Average,0.19793542027473449,0.9473729133605957
