Client,Loss,Accuracy
6,0.19572430849075317,0.9483928680419922
7,0.18152344226837158,0.9492798447608948
1,0.18477606773376465,0.950774610042572
3,0.18509437143802643,0.9483518600463867
9,0.1884903907775879,0.9505954384803772
10,0.19057013094425201,0.9482142925262451
4,0.18876942992210388,0.9466346502304077
5,0.1833861619234085,0.9487060904502869
8,0.18114519119262695,0.949568510055542
2,0.18930447101593018,0.946854829788208
Average,0.18687839657068253,0.9487372994422912
