Client,Loss,Accuracy
5,0.1831817775964737,0.9487099051475525
10,0.19028379023075104,0.9482164978981018
7,0.18171288073062897,0.9492831826210022
8,0.18145975470542908,0.9495677947998047
6,0.19501014053821564,0.9483942985534668
4,0.18876619637012482,0.9466381072998047
3,0.1849159598350525,0.9483534693717957
9,0.18874667584896088,0.9505947232246399
2,0.18913498520851135,0.9468542337417603
1,0.18499656021595,0.9507755041122437
Average,0.1868208721280098,0.9487387716770173
