Client,Loss,Accuracy
2,0.18024086952209473,0.9499220848083496
8,0.17437542974948883,0.9469870328903198
10,0.23254279792308807,0.9455389380455017
9,0.19872823357582092,0.9486233592033386
4,0.21422608196735382,0.9441882967948914
1,0.19603890180587769,0.9473571181297302
5,0.1988850235939026,0.9475454688072205
6,0.19968494772911072,0.9457662105560303
7,0.19915495812892914,0.9493571519851685
3,0.18673577904701233,0.9487272500991821
Average,0.19806130230426788,0.9474012911319732
