Client,Loss,Accuracy
4,0.19538535177707672,0.94659823179245
3,0.1926298886537552,0.9483258724212646
10,0.19731339812278748,0.9482008814811707
1,0.19095519185066223,0.9507589340209961
6,0.2019946277141571,0.9483973383903503
8,0.18683885037899017,0.9495624899864197
5,0.1898462474346161,0.9486785531044006
7,0.18869435787200928,0.9492589235305786
9,0.19429399073123932,0.9505535960197449
2,0.19679340720176697,0.9468437433242798
Average,0.19347453117370605,0.9487178564071655
