Client,Loss,Accuracy
6,0.1952228546142578,0.9483936429023743
5,0.1835516393184662,0.948708713054657
4,0.18877984583377838,0.9466376900672913
10,0.19030706584453583,0.9482166767120361
3,0.18484406173229218,0.9483531713485718
8,0.18149034678936005,0.9495686292648315
7,0.18169771134853363,0.9492825269699097
9,0.18875885009765625,0.9505932331085205
2,0.1892642229795456,0.9468543529510498
1,0.18481434881687164,0.9507765769958496
Average,0.18687309473752975,0.9487385213375091
