Client,Loss,Accuracy
5,0.18805241584777832,0.948681116104126
7,0.18647848069667816,0.9492653012275696
10,0.19527624547481537,0.9482117295265198
1,0.18881940841674805,0.9507601857185364
8,0.18521748483181,0.9495612382888794
4,0.19345787167549133,0.9466173648834229
2,0.19468601047992706,0.9468443989753723
9,0.1925332099199295,0.9505765438079834
3,0.1903182566165924,0.9483392834663391
6,0.2002539485692978,0.9483928680419922
Average,0.1915093332529068,0.9487250030040741
