Client,Loss,Accuracy
6,0.19844016432762146,0.9483912587165833
4,0.19149060547351837,0.9466233849525452
1,0.18690843880176544,0.9507678747177124
8,0.1835784912109375,0.9495649337768555
9,0.1908440887928009,0.9505876898765564
2,0.19244123995304108,0.9468490481376648
7,0.18431228399276733,0.9492710828781128
3,0.18838262557983398,0.9483457803726196
10,0.19333645701408386,0.9482110142707825
5,0.18637029826641083,0.9486899375915527
Average,0.18961046934127807,0.9487302005290985
