Client,Loss,Accuracy
6,0.19552861154079437,0.948391854763031
7,0.18156683444976807,0.9492806792259216
9,0.1887601912021637,0.9505950808525085
1,0.18472892045974731,0.9507761597633362
8,0.1813286542892456,0.9495683908462524
4,0.18880783021450043,0.9466363191604614
5,0.18341022729873657,0.9487072229385376
3,0.1848289519548416,0.9483526349067688
10,0.19053591787815094,0.9482147693634033
2,0.18928250670433044,0.9468546509742737
Average,0.1868778645992279,0.9487377762794494
