Client,Loss,Accuracy
6,0.19566203653812408,0.9483928680419922
10,0.1905989795923233,0.9482136964797974
7,0.181480273604393,0.9492796659469604
9,0.1884959638118744,0.9505956172943115
3,0.18513543903827667,0.9483516812324524
8,0.1811830997467041,0.9495683908462524
5,0.18311135470867157,0.948705792427063
4,0.18859359622001648,0.9466344118118286
1,0.1847160905599594,0.9507741928100586
2,0.18922552466392517,0.9468547105789185
Average,0.18682023584842683,0.9487371027469635
