Client,Loss,Accuracy
1,0.1846042424440384,0.9507763981819153
5,0.18298093974590302,0.9487085938453674
3,0.18463139235973358,0.9483534693717957
4,0.18846945464611053,0.9466371536254883
6,0.19498910009860992,0.9483940601348877
9,0.18855342268943787,0.9505941271781921
7,0.18129578232765198,0.9492824673652649
10,0.1900608092546463,0.948215901851654
8,0.1812567263841629,0.9495685696601868
2,0.18879710137844086,0.946854293346405
Average,0.18656389713287352,0.9487385034561158
