Client,Loss,Accuracy
4,0.18856529891490936,0.9466356039047241
10,0.19060271978378296,0.9482153058052063
3,0.1849578619003296,0.9483524560928345
6,0.19538722932338715,0.9483923316001892
9,0.18847247958183289,0.9505957365036011
8,0.18109413981437683,0.9495683312416077
1,0.18475620448589325,0.9507758617401123
2,0.18915040791034698,0.9468550682067871
5,0.1832825243473053,0.9487070441246033
7,0.18148164451122284,0.9492805600166321
Average,0.18677505105733871,0.9487378299236298
