Client,Loss,Accuracy
7,0.20576569437980652,0.949155867099762
9,0.20537006855010986,0.9484090805053711
4,0.22394151985645294,0.9440909028053284
10,0.2383963167667389,0.9453246593475342
6,0.20613490045070648,0.9457142949104309
8,0.17910224199295044,0.9468181729316711
5,0.20603221654891968,0.9474025964736938
1,0.20267510414123535,0.9472727179527283
2,0.1868003010749817,0.9496428370475769
3,0.19566985964775085,0.9487013220787048
Average,0.20498882234096527,0.9472532451152802
