Client,Loss,Accuracy
8,0.18139362335205078,0.9495683312416077
5,0.18348592519760132,0.9487088918685913
10,0.1902277171611786,0.94821697473526
6,0.1950419694185257,0.9483932256698608
9,0.18858128786087036,0.9505944848060608
4,0.18843398988246918,0.9466374516487122
1,0.18469037115573883,0.9507765173912048
2,0.18912023305892944,0.9468544721603394
7,0.18139271438121796,0.9492826461791992
3,0.18478749692440033,0.9483532905578613
Average,0.18671553283929826,0.9487386286258698
