Client,Loss,Accuracy
3,0.18519605696201324,0.9483516216278076
2,0.18947073817253113,0.9468546509742737
4,0.18883875012397766,0.9466342329978943
6,0.19583778083324432,0.9483928680419922
8,0.18114879727363586,0.9495683312416077
1,0.184640035033226,0.9507740139961243
10,0.19061273336410522,0.9482136964797974
9,0.18869782984256744,0.9505954384803772
5,0.18361788988113403,0.9487062692642212
7,0.18156315386295319,0.9492795467376709
Average,0.1869623765349388,0.9487370669841766
