Client,Loss,Accuracy
9,0.1957162618637085,0.9457142949104309
6,0.1987399160861969,0.9435714483261108
2,0.19583486020565033,0.9464285969734192
7,0.20048266649246216,0.9464285969734192
1,0.1843116134405136,0.9507142901420593
3,0.20683982968330383,0.941428542137146
5,0.19252780079841614,0.9471428394317627
4,0.20798857510089874,0.941428542137146
8,0.2128290981054306,0.9392856955528259
10,0.17641746997833252,0.9535714387893677
Average,0.19716880917549134,0.9455714285373688
