Client,Loss,Accuracy
2,0.18927380442619324,0.9468545913696289
4,0.18876025080680847,0.9466339349746704
3,0.18507421016693115,0.9483513832092285
5,0.1833585500717163,0.9487059712409973
8,0.18105177581310272,0.9495682120323181
9,0.18845172226428986,0.9505943655967712
7,0.18128536641597748,0.9492793083190918
10,0.19055385887622833,0.9482129812240601
6,0.1956443190574646,0.9483922123908997
1,0.18479056656360626,0.9507735967636108
Average,0.18682444244623184,0.9487366557121277
