Client,Loss,Accuracy
5,0.18331299722194672,0.9487099647521973
7,0.18171052634716034,0.9492831826210022
10,0.19013647735118866,0.948216438293457
6,0.19493336975574493,0.9483939409255981
2,0.1891433447599411,0.9468542337417603
3,0.18483957648277283,0.9483535289764404
8,0.18143992125988007,0.9495677947998047
4,0.18862339854240417,0.9466381669044495
1,0.1848575323820114,0.9507756233215332
9,0.18872350454330444,0.9505945444107056
Average,0.18677206486463546,0.9487387418746949
