Client,Loss,Accuracy
3,0.18711842596530914,0.9483461380004883
4,0.19039282202720642,0.9466263651847839
8,0.18266461789608002,0.9495659470558167
9,0.18990342319011688,0.9505892992019653
6,0.19738715887069702,0.9483914971351624
10,0.1921861320734024,0.9482115507125854
7,0.18287943303585052,0.9492733478546143
1,0.18594813346862793,0.9507706165313721
2,0.19116787612438202,0.9468502998352051
5,0.1851613074541092,0.9486936926841736
Average,0.18848093301057817,0.9487318754196167
