Client,Loss,Accuracy
3,0.1909695714712143,0.9483293890953064
8,0.18546707928180695,0.9495515823364258
7,0.18676747381687164,0.9492619037628174
9,0.19274131953716278,0.9505594968795776
4,0.193790003657341,0.9466031789779663
2,0.194952130317688,0.9468452334403992
6,0.20050108432769775,0.9483968019485474
5,0.18817543983459473,0.9486825466156006
10,0.19561578333377838,0.94820237159729
1,0.18964451551437378,0.9507539868354797
Average,0.19186244010925294,0.948718649148941
