Client,Loss,Accuracy
1,0.1849064826965332,0.9507744312286377
5,0.18375474214553833,0.9487059712409973
4,0.1889316439628601,0.9466345310211182
2,0.18955518305301666,0.9468547701835632
3,0.18534505367279053,0.9483518004417419
8,0.18129195272922516,0.9495684504508972
10,0.19079849123954773,0.9482136964797974
9,0.18874116241931915,0.9505958557128906
7,0.1817847639322281,0.94927978515625
6,0.19589264690876007,0.9483928680419922
Average,0.1871002122759819,0.9487372159957885
