Client,Loss,Accuracy
1,0.18275243043899536,0.9507142901420593
10,0.1761757731437683,0.9535714387893677
5,0.19142718613147736,0.9471428394317627
7,0.19857028126716614,0.9464285969734192
8,0.21118572354316711,0.9392856955528259
6,0.19767159223556519,0.9435714483261108
3,0.20524407923221588,0.941428542137146
2,0.19533348083496094,0.9464285969734192
4,0.20775988698005676,0.941428542137146
9,0.19484715163707733,0.9457142949104309
Average,0.19609675854444503,0.9455714285373688
