Client,Loss,Accuracy
1,0.18501879274845123,0.9507730603218079
4,0.18940114974975586,0.946632444858551
5,0.18387247622013092,0.9487046003341675
10,0.1908027082681656,0.948213517665863
9,0.1890530288219452,0.9505937695503235
6,0.19620394706726074,0.9483928680419922
2,0.18988540768623352,0.9468541741371155
7,0.18181028962135315,0.9492782950401306
3,0.1855197548866272,0.9483504295349121
8,0.18144816160202026,0.9495684504508972
Average,0.18730157166719436,0.948736160993576
