Client,Loss,Accuracy
1,0.196274533867836,0.9473506212234497
3,0.1869593858718872,0.9487142562866211
6,0.19994111359119415,0.945753276348114
5,0.1992122083902359,0.9474025964736938
2,0.18054766952991486,0.949792206287384
7,0.1993369609117508,0.9492986798286438
8,0.1743590533733368,0.9468960762023926
9,0.1985929012298584,0.9485714435577393
4,0.2138388305902481,0.9441688060760498
10,0.2335244119167328,0.9454805254936218
Average,0.1982587069272995,0.947342848777771
