Client,Loss,Accuracy
10,0.19461627304553986,0.9482120275497437
4,0.1928473711013794,0.9466160535812378
1,0.18816934525966644,0.9507634043693542
5,0.18755656480789185,0.9486852884292603
9,0.19194529950618744,0.950580358505249
7,0.18565277755260468,0.9492678642272949
6,0.19950726628303528,0.9483928680419922
8,0.1845666915178299,0.9495624899864197
2,0.19391660392284393,0.9468460083007812
3,0.18941068649291992,0.9483414888381958
Average,0.19081888794898988,0.9487267851829528
