Client,Loss,Accuracy
1,0.1850568950176239,0.9507738351821899
9,0.18890441954135895,0.9505952596664429
3,0.18551750481128693,0.9483515024185181
4,0.1892664134502411,0.9466341137886047
8,0.18150752782821655,0.9495682716369629
6,0.19615471363067627,0.9483922123908997
2,0.18992985785007477,0.9468546509742737
5,0.18399666249752045,0.9487061500549316
10,0.19098442792892456,0.9482130408287048
7,0.1819550096988678,0.9492794275283813
Average,0.18732734322547911,0.948736846446991
