Client,Loss,Accuracy
5,0.18335391581058502,0.948708176612854
3,0.18486563861370087,0.9483529329299927
4,0.1887509822845459,0.9466367363929749
1,0.18480810523033142,0.9507763385772705
9,0.18864548206329346,0.9505921006202698
8,0.18116964399814606,0.9495681524276733
7,0.18139947950839996,0.9492815136909485
6,0.1954445093870163,0.948392391204834
2,0.18899951875209808,0.9468543529510498
10,0.19043247401714325,0.9482147693634033
Average,0.18678697496652602,0.948737746477127
