Client,Loss,Accuracy
4,0.18984827399253845,0.9466267228126526
7,0.1821194738149643,0.9492753744125366
8,0.18207289278507233,0.9495668411254883
2,0.1905249059200287,0.946851372718811
3,0.1863279938697815,0.9483479261398315
9,0.18946115672588348,0.9505910277366638
1,0.1854303479194641,0.9507672786712646
5,0.1846422702074051,0.9486992955207825
6,0.19697138667106628,0.9483916759490967
10,0.19147509336471558,0.9482119679450989
Average,0.18788737952709197,0.9487329483032226
