Client,Loss,Accuracy
1,0.1847182959318161,0.9507747888565063
5,0.1834724098443985,0.9487062096595764
7,0.18142637610435486,0.9492799639701843
8,0.18117865920066833,0.9495685696601868
2,0.18931952118873596,0.946854829788208
4,0.18868598341941833,0.9466347694396973
3,0.18506920337677002,0.9483519792556763
6,0.19576102495193481,0.9483928680419922
10,0.19048653542995453,0.9482142925262451
9,0.188592791557312,0.9505956172943115
Average,0.18687108010053635,0.9487373888492584
