Client,Loss,Accuracy
9,0.1885061413049698,0.9505931735038757
10,0.190468892455101,0.9482147693634033
6,0.19544319808483124,0.9483919143676758
3,0.18488705158233643,0.9483528137207031
5,0.18307127058506012,0.9487075209617615
8,0.18128225207328796,0.9495680332183838
1,0.18472488224506378,0.9507760405540466
2,0.1891317367553711,0.9468542337417603
7,0.18149587512016296,0.9492809176445007
4,0.18854999542236328,0.9466365575790405
Average,0.18675612956285476,0.9487375974655151
