Client,Loss,Accuracy
3,0.1853153258562088,0.9483503103256226
6,0.19614596664905548,0.9483928680419922
5,0.18373066186904907,0.9487044215202332
4,0.18894615769386292,0.9466322064399719
9,0.18879373371601105,0.9505934715270996
2,0.18960747122764587,0.9468541145324707
10,0.1905784159898758,0.948213517665863
8,0.18124115467071533,0.9495683908462524
7,0.18152545392513275,0.9492781162261963
1,0.18452894687652588,0.9507728219032288
Average,0.1870413288474083,0.948736023902893
