Client,Loss,Accuracy
8,0.18112210929393768,0.9495680332183838
3,0.1850004345178604,0.9483510851860046
7,0.18124501407146454,0.9492789506912231
10,0.19029612839221954,0.9482142925262451
9,0.18872983753681183,0.9505950212478638
1,0.18443673849105835,0.9507728815078735
4,0.1888064742088318,0.9466341137886047
2,0.18936502933502197,0.9468544721603394
6,0.1957448571920395,0.9483914971351624
5,0.18350765109062195,0.9487055540084839
Average,0.18682542741298674,0.9487365901470184
