Client,Loss,Accuracy
6,0.1960964947938919,0.9483928680419922
10,0.1905544102191925,0.9482135772705078
4,0.18890438973903656,0.9466337561607361
5,0.18353933095932007,0.9487051963806152
9,0.1887151598930359,0.9505945444107056
2,0.18936465680599213,0.9468543529510498
7,0.18144306540489197,0.949278712272644
1,0.18473786115646362,0.9507724046707153
8,0.18116432428359985,0.9495671987533569
3,0.18536025285720825,0.9483508467674255
Average,0.18698799461126328,0.9487363457679748
