Client,Loss,Accuracy
2,0.19457800686359406,0.9468452334403992
3,0.19011884927749634,0.9483404755592346
6,0.20014049112796783,0.9483928680419922
9,0.19242854416370392,0.9505785703659058
4,0.1934564709663391,0.9466190338134766
8,0.1850995421409607,0.9495618939399719
10,0.19509311020374298,0.9482119083404541
5,0.18811345100402832,0.9486833214759827
1,0.18869832158088684,0.9507619142532349
7,0.18624629080295563,0.9492666721343994
Average,0.19139730781316758,0.9487261891365051
