Client,Loss,Accuracy
4,0.18861989676952362,0.9466378688812256
9,0.18858623504638672,0.9505922198295593
7,0.18166151642799377,0.9492824077606201
2,0.18899361789226532,0.9468542337417603
1,0.1847417652606964,0.9507761597633362
8,0.18113331496715546,0.949568510055542
5,0.18336069583892822,0.9487084746360779
10,0.1903695911169052,0.9482159614562988
6,0.19514799118041992,0.9483941197395325
3,0.18484090268611908,0.9483534097671509
Average,0.18674555271863938,0.9487383365631104
