Client,Loss,Accuracy
6,0.19596947729587555,0.9483922123908997
10,0.19087329506874084,0.9482129812240601
3,0.1853976547718048,0.9483513236045837
4,0.1891798973083496,0.9466344118118286
2,0.18953147530555725,0.9468545317649841
7,0.18161378800868988,0.949279248714447
1,0.18505269289016724,0.9507733583450317
9,0.18867561221122742,0.9505941271781921
8,0.18128806352615356,0.9495681524276733
5,0.1836610734462738,0.9487058520317078
Average,0.187124302983284,0.9487366199493408
