Client,Loss,Accuracy
10,0.19043639302253723,0.9482147097587585
6,0.1954725831747055,0.9483932852745056
9,0.1888655424118042,0.9505913257598877
2,0.18916215002536774,0.9468544125556946
7,0.181651771068573,0.949281632900238
1,0.18482966721057892,0.9507757425308228
4,0.1889246702194214,0.946636974811554
8,0.18135562539100647,0.9495682716369629
5,0.18370850384235382,0.9487079381942749
3,0.1847861409187317,0.9483530521392822
Average,0.18691930472850798,0.9487377345561981
