Client,Loss,Accuracy
3,0.18932172656059265,0.9483432769775391
7,0.18550319969654083,0.9492698311805725
10,0.19446273148059845,0.9482102990150452
2,0.193762868642807,0.9468472003936768
6,0.19940181076526642,0.9483928680419922
8,0.1844259798526764,0.9495635032653809
9,0.19172047078609467,0.9505833387374878
1,0.1880166083574295,0.95076584815979
5,0.18736322224140167,0.9486864805221558
4,0.19267888367176056,0.9466190338134766
Average,0.19066575020551682,0.9487281680107117
