Client,Loss,Accuracy
4,0.1912740170955658,0.946624219417572
5,0.18609702587127686,0.9486910104751587
2,0.19229060411453247,0.9468494057655334
6,0.19826772809028625,0.948391318321228
8,0.1833546906709671,0.9495652318000793
7,0.1840350329875946,0.9492717385292053
10,0.1930510699748993,0.9482111930847168
3,0.1879924088716507,0.9483447074890137
9,0.19063206017017365,0.9505885243415833
1,0.18670226633548737,0.9507686495780945
Average,0.18936969041824342,0.9487305998802185
