Client,Loss,Accuracy
8,0.18131883442401886,0.9495680928230286
2,0.18958619236946106,0.9468538165092468
9,0.18873053789138794,0.9505946636199951
6,0.196283221244812,0.9483928680419922
10,0.19071325659751892,0.9482134580612183
3,0.1855553388595581,0.9483504891395569
4,0.18902620673179626,0.9466312527656555
5,0.1836055964231491,0.9487043023109436
1,0.18481020629405975,0.9507699608802795
7,0.18153996765613556,0.9492782354354858
Average,0.18711693584918976,0.9487357139587402
