Client,Loss,Accuracy
7,0.1829404979944229,0.9492738246917725
6,0.19734328985214233,0.9483915567398071
9,0.1899482011795044,0.9505886435508728
5,0.18515878915786743,0.9486944675445557
10,0.19217754900455475,0.948211669921875
1,0.1858191043138504,0.9507685303688049
4,0.1903015375137329,0.9466269612312317
8,0.18255186080932617,0.949566125869751
2,0.19113294780254364,0.9468505382537842
3,0.18703927099704742,0.9483465552330017
Average,0.18844130486249924,0.9487318873405457
