Client,Loss,Accuracy
4,0.19280055165290833,0.9466176629066467
3,0.18939924240112305,0.9483424425125122
6,0.19958685338497162,0.9483928680419922
1,0.1880761682987213,0.9507647156715393
10,0.19453531503677368,0.9482100605964661
8,0.18455128371715546,0.9495630264282227
2,0.1937800794839859,0.9468466639518738
9,0.1918489784002304,0.9505819082260132
7,0.18554922938346863,0.9492689371109009
5,0.1874101161956787,0.948686957359314
Average,0.1907537817955017,0.9487275242805481
