Client,Loss,Accuracy
8,0.1812410205602646,0.9495682120323181
4,0.1889543980360031,0.946635365486145
5,0.1835913062095642,0.9487068057060242
7,0.1816311627626419,0.9492803812026978
9,0.18864931166172028,0.9505954384803772
2,0.18936608731746674,0.9468550086021423
10,0.1906258910894394,0.9482153654098511
3,0.18512475490570068,0.9483523368835449
6,0.19567245244979858,0.9483923316001892
1,0.18484176695346832,0.9507755637168884
Average,0.1869698151946068,0.9487376809120178
