Client,Loss,Accuracy
7,0.19904519617557526,0.9493506550788879
2,0.1801454722881317,0.9499134421348572
3,0.18624044954776764,0.9487229585647583
10,0.23268288373947144,0.9455339312553406
8,0.17432577908039093,0.946976900100708
5,0.19891682267189026,0.9475252628326416
4,0.21368449926376343,0.9441847205162048
6,0.1995043009519577,0.9457719922065735
9,0.19837293028831482,0.9486291408538818
1,0.19571302831172943,0.9473665356636047
Average,0.19786313623189927,0.9473975539207459
