Client,Loss,Accuracy
4,0.18875020742416382,0.9466375112533569
3,0.1847987025976181,0.948353111743927
7,0.18145732581615448,0.949282169342041
1,0.18468905985355377,0.9507759213447571
8,0.18114158511161804,0.9495683312416077
9,0.18865413963794708,0.950591504573822
5,0.18343611061573029,0.9487080574035645
2,0.1890697330236435,0.9468544721603394
6,0.1953439861536026,0.9483937621116638
10,0.19033467769622803,0.9482147097587585
Average,0.18676755279302598,0.9487379550933838
