Client,Loss,Accuracy
8,0.1811283826828003,0.9495683312416077
4,0.1886730045080185,0.9466375708580017
5,0.1833563596010208,0.9487081170082092
3,0.18478521704673767,0.9483531713485718
6,0.19521881639957428,0.9483932852745056
9,0.18862028419971466,0.9505908489227295
7,0.18149718642234802,0.949282169342041
10,0.1904778927564621,0.9482151865959167
1,0.18480491638183594,0.9507760405540466
2,0.1889449805021286,0.9468544721603394
Average,0.18675070405006408,0.9487379193305969
