Client,Loss,Accuracy
4,0.18836937844753265,0.9466375708580017
5,0.18296238780021667,0.9487090110778809
3,0.18462282419204712,0.9483534097671509
7,0.18136310577392578,0.9492830634117126
6,0.19474099576473236,0.9483940005302429
9,0.1883859485387802,0.9505951404571533
1,0.18475580215454102,0.9507752060890198
2,0.18876096606254578,0.9468545317649841
8,0.18130609393119812,0.9495680332183838
10,0.19003021717071533,0.9482165575027466
Average,0.1865297719836235,0.9487386524677277
