Client,Loss,Accuracy
1,0.18459658324718475,0.9507691860198975
10,0.19059263169765472,0.9482133984565735
5,0.18370455503463745,0.9487038254737854
2,0.18957073986530304,0.9468528032302856
6,0.1962505429983139,0.9483928680419922
4,0.189136803150177,0.9466306567192078
9,0.1887803077697754,0.9505940675735474
3,0.18556278944015503,0.9483492970466614
7,0.18160594999790192,0.9492778778076172
8,0.18136471509933472,0.949567973613739
Average,0.1871165618300438,0.9487351953983307
