Client,Loss,Accuracy
9,0.19316013157367706,0.9505357146263123
6,0.20084065198898315,0.9483988285064697
1,0.19020406901836395,0.9507499933242798
2,0.1953880786895752,0.9468392729759216
8,0.18575401604175568,0.9495595097541809
10,0.19619198143482208,0.9481964111328125
5,0.1885044276714325,0.9486785531044006
3,0.19169563055038452,0.9483155012130737
7,0.18739834427833557,0.9492499828338623
4,0.1941794902086258,0.9465833306312561
Average,0.19233168214559554,0.948710709810257
