Client,Loss,Accuracy
5,0.18333113193511963,0.9487083554267883
9,0.18852598965168,0.9505922794342041
4,0.18843530118465424,0.946637749671936
8,0.1811642050743103,0.9495684504508972
10,0.19031178951263428,0.9482155442237854
6,0.19502127170562744,0.9483945369720459
7,0.18146376311779022,0.9492822885513306
2,0.18897512555122375,0.9468541741371155
3,0.1847173422574997,0.9483532905578613
1,0.18454836308956146,0.9507759213447571
Average,0.1866494283080101,0.9487382590770721
