Client,Loss,Accuracy
1,0.1850525140762329,0.9507712125778198
10,0.19093090295791626,0.9482123255729675
4,0.18953056633472443,0.9466293454170227
3,0.18590408563613892,0.9483484625816345
2,0.19003786146640778,0.9468523263931274
5,0.18397368490695953,0.9487026929855347
7,0.18197646737098694,0.9492770433425903
9,0.18897919356822968,0.9505926370620728
8,0.1815490573644638,0.9495675563812256
6,0.1964324563741684,0.9483919143676758
Average,0.18743667900562286,0.9487345516681671
