Client,Loss,Accuracy
4,0.18887853622436523,0.9466370940208435
1,0.1847020983695984,0.9507762789726257
7,0.18164201080799103,0.9492824077606201
2,0.18928031623363495,0.946854293346405
3,0.18491435050964355,0.9483534693717957
6,0.19523143768310547,0.9483940601348877
5,0.18371902406215668,0.9487085342407227
8,0.1813984513282776,0.9495685696601868
10,0.19031643867492676,0.948215901851654
9,0.1887594759464264,0.9505927562713623
Average,0.18688421398401261,0.9487383365631104
