Client,Loss,Accuracy
7,0.18234895169734955,0.949275016784668
10,0.19160370528697968,0.9482119083404541
1,0.18528956174850464,0.9507666826248169
4,0.18975889682769775,0.9466261863708496
8,0.18217885494232178,0.949566662311554
9,0.18959207832813263,0.9505904912948608
2,0.1906425952911377,0.9468511939048767
3,0.1864614486694336,0.9483476281166077
5,0.18459904193878174,0.9486964344978333
6,0.19693703949451447,0.9483916759490967
Average,0.18794121742248535,0.9487323880195617
