Client,Loss,Accuracy
7,0.18170368671417236,0.9492804408073425
5,0.18347354233264923,0.9487069249153137
6,0.19549861550331116,0.9483917951583862
8,0.18112075328826904,0.9495682716369629
9,0.1886284500360489,0.9505956172943115
3,0.18497981131076813,0.9483523964881897
2,0.189388245344162,0.9468550682067871
1,0.18479494750499725,0.9507757425308228
4,0.1887434720993042,0.9466354846954346
10,0.1907663345336914,0.9482153654098511
Average,0.18690978586673737,0.9487377107143402
