Client,Loss,Accuracy
1,0.18464969098567963,0.9507753252983093
5,0.18300588428974152,0.9487090706825256
8,0.18136833608150482,0.9495677351951599
6,0.19461733102798462,0.9483940005302429
2,0.18874458968639374,0.9468545317649841
4,0.1883188933134079,0.9466376304626465
10,0.18978574872016907,0.9482164978981018
9,0.18848420679569244,0.9505959749221802
7,0.1812581717967987,0.9492831230163574
3,0.18447084724903107,0.9483534097671509
Average,0.18647036999464034,0.9487387299537658
