Client,Loss,Accuracy
2,0.19527538120746613,0.9468303322792053
9,0.1930265873670578,0.9505000114440918
4,0.19428589940071106,0.9465535879135132
10,0.19615264236927032,0.9481964111328125
6,0.20096181333065033,0.9484018087387085
3,0.19177569448947906,0.9482946395874023
7,0.187424898147583,0.9492499828338623
5,0.18852533400058746,0.9486607313156128
1,0.19021841883659363,0.9507321715354919
8,0.18572960793972015,0.9495535492897034
Average,0.19233762770891188,0.9486973226070404
