Client,Loss,Accuracy
7,0.1814863234758377,0.9492831230163574
10,0.1902524083852768,0.9482164978981018
3,0.1847865879535675,0.9483534693717957
9,0.18871678411960602,0.9505960941314697
5,0.18317173421382904,0.9487098455429077
4,0.18856757879257202,0.9466376900672913
6,0.1948624551296234,0.9483939409255981
1,0.18496209383010864,0.9507753849029541
8,0.1814250648021698,0.9495677351951599
2,0.18914039433002472,0.9468545913696289
Average,0.18673714250326157,0.9487388372421265
