Client,Loss,Accuracy
5,0.18376629054546356,0.9487050175666809
3,0.1853955239057541,0.948350727558136
1,0.18484199047088623,0.9507735967636108
2,0.18953900039196014,0.946854293346405
10,0.19070211052894592,0.9482135772705078
7,0.18156462907791138,0.9492785930633545
4,0.1891641914844513,0.9466335773468018
9,0.18877388536930084,0.9505943059921265
6,0.19615350663661957,0.9483928680419922
8,0.18128712475299835,0.9495678544044495
Average,0.18711882531642915,0.9487364411354064
