Client,Loss,Accuracy
9,0.18894627690315247,0.950595498085022
1,0.18461595475673676,0.9507717490196228
2,0.18972480297088623,0.9468540549278259
5,0.183778777718544,0.948704183101654
4,0.18904122710227966,0.9466319680213928
10,0.19067153334617615,0.948213517665863
7,0.18160821497440338,0.949277937412262
6,0.19619260728359222,0.9483928680419922
8,0.18128953874111176,0.9495691061019897
3,0.18532977998256683,0.9483509063720703
Average,0.18711987137794495,0.9487361788749695
