Client,Loss,Accuracy
9,0.19338101148605347,0.9505741596221924
4,0.19426381587982178,0.9466153979301453
7,0.18743611872196198,0.9492692351341248
2,0.19569073617458344,0.9468461275100708
8,0.18589286506175995,0.9495577216148376
1,0.18952412903308868,0.9507609605789185
5,0.18900418281555176,0.94868403673172
3,0.19102664291858673,0.9483379125595093
6,0.20105858147144318,0.9483956098556519
10,0.19599023461341858,0.9482115507125854
Average,0.19232683181762694,0.9487252712249756
