Client,Loss,Accuracy
5,0.18340939283370972,0.9487060308456421
8,0.18095916509628296,0.9495686888694763
6,0.19544242322444916,0.9483923316001892
9,0.18852713704109192,0.9505956172943115
2,0.18916445970535278,0.9468544125556946
3,0.1847764104604721,0.9483522176742554
1,0.18456469476222992,0.9507752656936646
4,0.18871530890464783,0.9466351866722107
10,0.1902807056903839,0.9482153654098511
7,0.18145321309566498,0.9492802023887634
Average,0.18672929108142852,0.9487375319004059
