Client,Loss,Accuracy
7,0.18149994313716888,0.9492807984352112
5,0.1832675337791443,0.9487074613571167
2,0.189252570271492,0.9468542337417603
4,0.18853674829006195,0.9466364979743958
8,0.18124882876873016,0.949568510055542
6,0.19528765976428986,0.948391854763031
3,0.18481643497943878,0.9483527541160583
9,0.1885857731103897,0.9505929350852966
10,0.19047336280345917,0.9482147693634033
1,0.1847938895225525,0.9507759213447571
Average,0.18677627444267272,0.9487375736236572
