Client,Loss,Accuracy
1,0.18487133085727692,0.9507754445075989
4,0.1887565702199936,0.9466353058815002
5,0.18342210352420807,0.9487061500549316
2,0.18928512930870056,0.9468544125556946
7,0.18160220980644226,0.949280321598053
9,0.18854853510856628,0.9505957961082458
8,0.1813078224658966,0.9495681524276733
3,0.18516090512275696,0.9483522772789001
10,0.1905769407749176,0.9482153654098511
6,0.19569680094718933,0.9483923316001892
Average,0.1869228348135948,0.9487375557422638
