Client,Loss,Accuracy
8,0.1813935935497284,0.9495680928230286
3,0.18494370579719543,0.9483528733253479
2,0.1892865002155304,0.946854293346405
5,0.1835193932056427,0.9487081170082092
4,0.18898582458496094,0.9466366767883301
7,0.18175041675567627,0.9492809772491455
1,0.18498632311820984,0.950776219367981
9,0.188765749335289,0.9505933523178101
6,0.1956486701965332,0.9483919143676758
10,0.19064879417419434,0.9482147693634033
Average,0.18699289709329606,0.9487377285957337
