Client,Loss,Accuracy
7,0.18137721717357635,0.949283242225647
1,0.18467962741851807,0.9507757425308228
2,0.18872635066509247,0.946854293346405
10,0.18996620178222656,0.948216438293457
3,0.18445076048374176,0.9483535885810852
8,0.18123410642147064,0.9495678544044495
9,0.18854640424251556,0.9505946636199951
4,0.1883721500635147,0.9466382265090942
6,0.19479075074195862,0.9483935832977295
5,0.18310628831386566,0.948710024356842
Average,0.18652498573064805,0.9487387657165527
