Client,Loss,Accuracy
9,0.19628621637821198,0.9457142949104309
3,0.20691944658756256,0.941428542137146
2,0.19602537155151367,0.9464285969734192
7,0.20001840591430664,0.9464285969734192
4,0.2085021287202835,0.941428542137146
10,0.17699652910232544,0.9535714387893677
1,0.18438583612442017,0.9507142901420593
5,0.19276785850524902,0.9471428394317627
6,0.1991620510816574,0.9435714483261108
8,0.21282263100147247,0.9392856955528259
Average,0.1973886474967003,0.9455714285373688
