Client,Loss,Accuracy
3,0.18928173184394836,0.9487229585647583
6,0.20145566761493683,0.9457359313964844
9,0.20027223229408264,0.9485064744949341
2,0.18249663710594177,0.9497402310371399
5,0.2008267343044281,0.9472727179527283
1,0.19786769151687622,0.9473159909248352
4,0.21638303995132446,0.9441341757774353
7,0.20105154812335968,0.9492424130439758
8,0.17565961182117462,0.9467965364456177
10,0.23415562510490417,0.9454112648963928
Average,0.1999450519680977,0.9472878694534301
