Client,Loss,Accuracy
2,0.1898166686296463,0.9468544721603394
5,0.18390583992004395,0.9487056732177734
7,0.181714728474617,0.9492791295051575
4,0.18915687501430511,0.9466342329978943
6,0.19603848457336426,0.9483922123908997
9,0.18886056542396545,0.9505946040153503
8,0.1813095062971115,0.9495680928230286
10,0.19076846539974213,0.9482136368751526
1,0.18496625125408173,0.9507731199264526
3,0.18547323346138,0.9483512043952942
Average,0.18720106184482574,0.9487366378307343
