Client,Loss,Accuracy
8,0.181555837392807,0.9495676755905151
9,0.1890980452299118,0.9505930542945862
1,0.18502995371818542,0.9507706761360168
3,0.18587331473827362,0.9483487010002136
5,0.18402133882045746,0.9487029910087585
6,0.19643887877464294,0.9483919143676758
7,0.18192778527736664,0.9492772817611694
2,0.19006133079528809,0.946852445602417
10,0.19092190265655518,0.9482123851776123
4,0.1894213855266571,0.9466297030448914
Average,0.18743497729301453,0.9487346827983856
