Client,Loss,Accuracy
6,0.19998125731945038,0.9457710981369019
7,0.1996484100818634,0.9493425488471985
10,0.2329302579164505,0.9455195069313049
5,0.19926141202449799,0.9474999904632568
8,0.17460782825946808,0.9469642639160156
2,0.18068629503250122,0.9498782753944397
9,0.19868913292884827,0.9486201405525208
4,0.21437084674835205,0.9441801905632019
1,0.19624191522598267,0.9473620057106018
3,0.18685828149318695,0.9487175345420837
Average,0.19832756370306015,0.9473855555057525
