Client,Loss,Accuracy
1,0.18500353395938873,0.9507704377174377
9,0.1893589049577713,0.9505928754806519
5,0.18434549868106842,0.948701024055481
7,0.18182054162025452,0.9492765069007874
10,0.19108930230140686,0.9482122659683228
4,0.18951961398124695,0.9466285705566406
6,0.1966972053050995,0.948391854763031
8,0.18173322081565857,0.9495673179626465
3,0.18603040277957916,0.9483489990234375
2,0.1902254819869995,0.9468520283699036
Average,0.18758237063884736,0.948734188079834
