Client,Loss,Accuracy
6,0.1963082104921341,0.9483928680419922
4,0.18926359713077545,0.9466317296028137
10,0.19100938737392426,0.948213517665863
7,0.18176035583019257,0.9492777585983276
8,0.1813916265964508,0.949569046497345
1,0.1850333958864212,0.9507714509963989
5,0.1838230937719345,0.948703944683075
3,0.1856282502412796,0.9483507871627808
9,0.18892133235931396,0.9505952596664429
2,0.18983341753482819,0.9468539953231812
Average,0.18729726672172547,0.948736035823822
