Client,Loss,Accuracy
5,0.1848914921283722,0.9486958384513855
1,0.18575654923915863,0.9507660269737244
4,0.19013777375221252,0.9466255903244019
10,0.19197265803813934,0.9482118487358093
8,0.18230895698070526,0.9495664834976196
7,0.18265724182128906,0.9492746591567993
9,0.18961890041828156,0.9505898952484131
6,0.1971687525510788,0.9483916163444519
2,0.19094163179397583,0.9468509554862976
3,0.18675102293491364,0.948347270488739
Average,0.1882204979658127,0.9487320184707642
