Client,Loss,Accuracy
6,0.20605573058128357,0.94841068983078
5,0.19411757588386536,0.9486071467399597
4,0.19951976835727692,0.9465000033378601
7,0.19332705438137054,0.9492321610450745
3,0.19685547053813934,0.948232114315033
1,0.19477957487106323,0.9506785869598389
9,0.19822274148464203,0.9503928422927856
10,0.2015366107225418,0.948160707950592
8,0.19046030938625336,0.9495357275009155
2,0.20135407149791718,0.9468214511871338
Average,0.19762289077043532,0.9486571431159974
