Client,Loss,Accuracy
7,0.18541079759597778,0.9492706656455994
10,0.19432254135608673,0.9482105374336243
1,0.1879255175590515,0.950766921043396
8,0.18436361849308014,0.9495639204978943
2,0.19368314743041992,0.9468477368354797
4,0.19256089627742767,0.9466202855110168
3,0.18927232921123505,0.9483439922332764
6,0.19935248792171478,0.9483928680419922
5,0.18719296157360077,0.9486860632896423
9,0.1917119324207306,0.9505845904350281
Average,0.1905796229839325,0.948728758096695
