Client,Loss,Accuracy
7,0.18176163733005524,0.9492776989936829
2,0.18973074853420258,0.9468526840209961
1,0.18467745184898376,0.9507714509963989
8,0.18144455552101135,0.9495678544044495
4,0.18925946950912476,0.9466303586959839
3,0.1857234239578247,0.948349118232727
9,0.18893136084079742,0.9505937695503235
6,0.1962398737668991,0.9483928680419922
5,0.18388476967811584,0.9487035870552063
10,0.190811425447464,0.9482133984565735
Average,0.18724647164344788,0.9487352788448333
