Client,Loss,Accuracy
8,0.1815892606973648,0.9495680332183838
2,0.19000478088855743,0.946853756904602
5,0.1841001957654953,0.9487040638923645
10,0.1909629851579666,0.9482134580612183
1,0.18500854074954987,0.9507695436477661
9,0.18913006782531738,0.9505943655967712
6,0.1966659277677536,0.9483928680419922
4,0.1894686222076416,0.9466309547424316
3,0.18590055406093597,0.9483503699302673
7,0.18187494575977325,0.9492780566215515
Average,0.18747058808803557,0.9487355470657348
