Client,Loss,Accuracy
9,0.19899506866931915,0.9485930800437927
4,0.2147092968225479,0.944177508354187
1,0.196615532040596,0.9473376870155334
3,0.1875239908695221,0.9487229585647583
6,0.2001270353794098,0.945768415927887
8,0.17482076585292816,0.9469264149665833
2,0.18096357583999634,0.9498268365859985
5,0.19961923360824585,0.9474242329597473
7,0.19963958859443665,0.9493181705474854
10,0.23337052762508392,0.9454978108406067
Average,0.1986384615302086,0.947359311580658
