Client,Loss,Accuracy
2,0.189073845744133,0.9468544125556946
9,0.188588947057724,0.9505911469459534
10,0.1902880221605301,0.9482147693634033
8,0.18114635348320007,0.9495682120323181
4,0.18854780495166779,0.9466369152069092
7,0.1814514547586441,0.9492815732955933
5,0.1831725835800171,0.9487078785896301
1,0.18462757766246796,0.9507765769958496
6,0.19530196487903595,0.9483932852745056
3,0.18482115864753723,0.9483529925346375
Average,0.18670197129249572,0.9487377762794494
