Client,Loss,Accuracy
7,0.1813768446445465,0.9492784142494202
9,0.1886867731809616,0.9505940079689026
6,0.1960194706916809,0.9483928680419922
1,0.18460343778133392,0.950773298740387
3,0.18529248237609863,0.9483506083488464
10,0.19055765867233276,0.9482135772705078
5,0.18356409668922424,0.9487048387527466
4,0.18894322216510773,0.9466326236724854
8,0.18120144307613373,0.949568510055542
2,0.1893787384033203,0.9468542337417603
Average,0.18696241676807404,0.9487362980842591
