Client,Loss,Accuracy
5,0.20156359672546387,0.9485714435577393
7,0.20105013251304626,0.9491785764694214
3,0.20416291058063507,0.948285698890686
1,0.2012227177619934,0.9506071209907532
8,0.19722837209701538,0.9495000243186951
10,0.20875252783298492,0.948107123374939
6,0.21354681253433228,0.9484285712242126
9,0.20529432594776154,0.9502142667770386
2,0.2092861533164978,0.9467856884002686
4,0.20667804777622223,0.946571409702301
Average,0.20487855970859528,0.9486249923706055
