Client,Loss,Accuracy
9,0.18925897777080536,0.9505932331085205
4,0.18950580060482025,0.946628987789154
8,0.1817055642604828,0.949567437171936
5,0.1842993199825287,0.9487023949623108
1,0.18500131368637085,0.9507708549499512
3,0.1859751045703888,0.9483482241630554
10,0.19102895259857178,0.9482123255729675
2,0.19016031920909882,0.9468522071838379
7,0.18181931972503662,0.9492768049240112
6,0.19653616845607758,0.948391854763031
Average,0.18752908408641816,0.9487344324588776
