Client,Loss,Accuracy
6,0.20143656432628632,0.9484000205993652
2,0.1961098462343216,0.9468356966972351
7,0.18818260729312897,0.9492428302764893
1,0.19085174798965454,0.9507428407669067
9,0.19382040202617645,0.9505214095115662
5,0.18929092586040497,0.9486714005470276
4,0.19493110477924347,0.946571409702301
3,0.19235318899154663,0.9483071565628052
8,0.1863241195678711,0.9495571255683899
10,0.1968887895345688,0.948199987411499
Average,0.19301892966032028,0.9487049877643585
