Client,Loss,Accuracy
9,0.19537310302257538,0.9457142949104309
5,0.1922684758901596,0.9471428394317627
7,0.1988120675086975,0.9464285969734192
10,0.17643408477306366,0.9535714387893677
8,0.2120339274406433,0.9392856955528259
6,0.19856485724449158,0.9435714483261108
2,0.1954045295715332,0.9464285969734192
1,0.18327325582504272,0.9507142901420593
3,0.20597727596759796,0.941428542137146
4,0.2081056386232376,0.941428542137146
Average,0.19662472158670424,0.9455714285373688
