Client,Loss,Accuracy
10,0.19069117307662964,0.9482147693634033
6,0.195437952876091,0.9483923316001892
8,0.1811499148607254,0.9495683908462524
3,0.18493197858333588,0.948352575302124
4,0.18863925337791443,0.9466361999511719
7,0.18141835927963257,0.9492806196212769
1,0.18492534756660461,0.9507760405540466
2,0.18918688595294952,0.9468551278114319
9,0.18858441710472107,0.9505959153175354
5,0.18323341012001038,0.9487071633338928
Average,0.18681986927986144,0.9487379133701325
