Client,Loss,Accuracy
1,0.18810394406318665,0.9507678747177124
2,0.19392333924770355,0.9468482136726379
10,0.19462236762046814,0.9482107162475586
4,0.1927039921283722,0.9466214179992676
8,0.18450021743774414,0.9495642781257629
6,0.1995878964662552,0.9483928680419922
7,0.18577603995800018,0.9492714405059814
9,0.191928893327713,0.9505857229232788
3,0.18955738842487335,0.9483446478843689
5,0.18744409084320068,0.9486857056617737
Average,0.1908148169517517,0.9487292885780334
