Client,Loss,Accuracy
6,0.2029687464237213,0.9484047889709473
10,0.19839432835578918,0.94820237159729
8,0.18759021162986755,0.9495476484298706
4,0.19652453064918518,0.9465237855911255
2,0.19783413410186768,0.9468214511871338
3,0.19387897849082947,0.9482738375663757
9,0.19521425664424896,0.9504643082618713
7,0.18999668955802917,0.949238121509552
5,0.1907726675271988,0.9486428499221802
1,0.19218850135803223,0.9507142901420593
Average,0.19453630447387696,0.9486833453178406
