Client,Loss,Accuracy
7,0.18162374198436737,0.9492830634117126
2,0.18927885591983795,0.9468544721603394
9,0.18867284059524536,0.9505942463874817
6,0.19511137902736664,0.9483940005302429
8,0.18145592510700226,0.9495683908462524
3,0.18504665791988373,0.9483533501625061
4,0.1885802149772644,0.9466375112533569
1,0.18493136763572693,0.9507765769958496
10,0.19026346504688263,0.94821697473526
5,0.18334610760211945,0.9487089514732361
Average,0.18683105558156968,0.9487387537956238
