Client,Loss,Accuracy
1,0.18930259346961975,0.9507619142532349
2,0.19534704089164734,0.9468482136726379
5,0.18863214552402496,0.9486815333366394
4,0.19405677914619446,0.946613073348999
7,0.18711592257022858,0.9492678642272949
9,0.19299110770225525,0.9505714178085327
8,0.18563233315944672,0.9495565295219421
10,0.19579437375068665,0.9482053518295288
6,0.20069767534732819,0.948395848274231
3,0.19073444604873657,0.9483363032341003
Average,0.19203044176101686,0.9487238049507141
