Client,Loss,Accuracy
1,0.18465712666511536,0.9507749676704407
6,0.1957544982433319,0.9483928680419922
8,0.1811230629682541,0.9495685696601868
7,0.1814548671245575,0.9492800235748291
10,0.1904413402080536,0.9482142925262451
4,0.18877921998500824,0.9466349482536316
5,0.18344655632972717,0.948705792427063
3,0.18511006236076355,0.948352038860321
2,0.18932579457759857,0.9468548893928528
9,0.18849922716617584,0.9505957961082458
Average,0.18685917556285858,0.9487374186515808
