Client,Loss,Accuracy
6,0.19504314661026,0.9483941197395325
1,0.184751957654953,0.9507760405540466
3,0.184696763753891,0.9483533501625061
2,0.1891579031944275,0.9468541741371155
7,0.18154962360858917,0.9492823481559753
9,0.1887178122997284,0.950592041015625
8,0.18133553862571716,0.949568510055542
10,0.19040179252624512,0.9482155442237854
5,0.18341639637947083,0.9487084150314331
4,0.1887243241071701,0.9466378092765808
Average,0.18677952587604524,0.9487382352352143
