Client,Loss,Accuracy
1,0.18496955931186676,0.9507688879966736
7,0.1817183643579483,0.9492762684822083
2,0.1901039183139801,0.946851909160614
6,0.19676728546619415,0.9483917951583862
5,0.18418435752391815,0.9487006068229675
8,0.1817343533039093,0.9495671987533569
9,0.18930119276046753,0.9505924582481384
10,0.1910424381494522,0.948212206363678
4,0.1894664317369461,0.9466281533241272
3,0.1859036386013031,0.9483487606048584
Average,0.18751915395259858,0.9487338244915009
