Client,Loss,Accuracy
1,0.1847798228263855,0.9507763981819153
2,0.1892947554588318,0.9468544125556946
9,0.18877264857292175,0.9505931735038757
6,0.19517023861408234,0.9483936429023743
3,0.18482224643230438,0.9483532905578613
7,0.1816364973783493,0.9492825865745544
5,0.18330195546150208,0.9487088322639465
4,0.18867987394332886,0.9466378092765808
8,0.18149656057357788,0.9495683312416077
10,0.1904580295085907,0.94821697473526
Average,0.18684126287698746,0.9487385451793671
