Client,Loss,Accuracy
9,0.19028036296367645,0.950588583946228
7,0.18345825374126434,0.949272871017456
6,0.19778801500797272,0.9483914375305176
3,0.1875612735748291,0.9483457207679749
10,0.19262216985225677,0.9482114315032959
8,0.18296949565410614,0.9495657086372375
1,0.18641366064548492,0.9507700204849243
5,0.18563982844352722,0.9486928582191467
4,0.19067993760108948,0.9466257095336914
2,0.19174063205718994,0.9468500018119812
Average,0.18891536295413972,0.9487314343452453
