Client,Loss,Accuracy
8,0.18528567254543304,0.9495552182197571
9,0.19255496561527252,0.9505681991577148
7,0.1865643411874771,0.949266254901886
5,0.18807880580425262,0.9486785531044006
2,0.19474996626377106,0.9468473792076111
6,0.20029018819332123,0.9483960866928101
1,0.18946422636508942,0.950759768486023
4,0.19371385872364044,0.9466103911399841
10,0.1953473538160324,0.948204517364502
3,0.19085495173931122,0.9483343958854675
Average,0.1916904330253601,0.9487220764160156
