Client,Loss,Accuracy
5,0.18369565904140472,0.9487037062644958
10,0.19067765772342682,0.9482134580612183
7,0.1814936399459839,0.9492784142494202
3,0.18545812368392944,0.9483506679534912
4,0.1890079528093338,0.9466314911842346
9,0.18883225321769714,0.9505957961082458
8,0.18139754235744476,0.9495689868927002
6,0.19622215628623962,0.9483928680419922
1,0.18480148911476135,0.9507703185081482
2,0.18959414958953857,0.9468538761138916
Average,0.187118062376976,0.9487359583377838
