Client,Loss,Accuracy
2,0.18874146044254303,0.9468545317649841
9,0.18842284381389618,0.9505916237831116
1,0.1845487654209137,0.950776219367981
10,0.19033534824848175,0.9482156038284302
8,0.1811314970254898,0.9495683908462524
5,0.18312005698680878,0.9487082362174988
4,0.1884355992078781,0.9466376900672913
6,0.19514703750610352,0.9483941197395325
3,0.184610515832901,0.9483532905578613
7,0.181307852268219,0.9492822885513306
Average,0.1865800976753235,0.9487381994724273
