Client,Loss,Accuracy
10,0.2341979593038559,0.9454545378684998
3,0.1886027604341507,0.9487337470054626
6,0.2008356899023056,0.9457467794418335
8,0.17511150240898132,0.9468506574630737
5,0.20022451877593994,0.9473214149475098
1,0.19729633629322052,0.9473376870155334
4,0.21559982001781464,0.9441558718681335
9,0.19952541589736938,0.9485389590263367
7,0.20040781795978546,0.9492856860160828
2,0.18152278661727905,0.9497565031051636
Average,0.19933246076107025,0.947318184375763
