Client,Loss,Accuracy
8,0.18168801069259644,0.9495669603347778
4,0.18942244350910187,0.9466272592544556
1,0.1851046085357666,0.9507678747177124
10,0.1910720020532608,0.9482120275497437
9,0.18908771872520447,0.950591504573822
5,0.18408793210983276,0.9486997723579407
6,0.19654780626296997,0.9483917355537415
2,0.1899006962776184,0.9468515515327454
3,0.18597759306430817,0.9483482241630554
7,0.18167872726917267,0.9492756724357605
Average,0.18745675384998323,0.9487332582473755
