Client,Loss,Accuracy
9,0.18924129009246826,0.9505919814109802
7,0.18204794824123383,0.9492759704589844
6,0.19673281908035278,0.9483917951583862
2,0.1902783215045929,0.9468517303466797
5,0.18411384522914886,0.9487001895904541
8,0.18176710605621338,0.9495670795440674
3,0.1861969530582428,0.9483484625816345
4,0.18959937989711761,0.946627676486969
10,0.19125677645206451,0.9482121467590332
1,0.1853189766407013,0.9507684111595154
Average,0.18765534162521363,0.9487335443496704
