Client,Loss,Accuracy
6,0.1984010487794876,0.9483911395072937
3,0.18821819126605988,0.9483452439308167
5,0.1860772967338562,0.9486870765686035
7,0.1840468943119049,0.9492686986923218
4,0.19143016636371613,0.9466224312782288
1,0.18687847256660461,0.9507687091827393
10,0.19316139817237854,0.9482108950614929
8,0.1835489571094513,0.9495646357536316
2,0.19226965308189392,0.9468486309051514
9,0.19068090617656708,0.95058673620224
Average,0.189471298456192,0.948729419708252
