Client,Loss,Accuracy
7,0.1818007081747055,0.9492801427841187
3,0.1853010207414627,0.9483520984649658
2,0.18964341282844543,0.9468548893928528
6,0.19586700201034546,0.9483922719955444
9,0.1887976974248886,0.9505954384803772
8,0.1813691258430481,0.9495686292648315
1,0.18489903211593628,0.9507750868797302
10,0.19071321189403534,0.9482154250144958
4,0.18894492089748383,0.9466350674629211
5,0.18361930549144745,0.9487059116363525
Average,0.18709554374217988,0.948737496137619
