Client,Loss,Accuracy
6,0.1954711228609085,0.9483933448791504
2,0.18950723111629486,0.9468543529510498
4,0.18889877200126648,0.9466368556022644
10,0.1906556934118271,0.9482147693634033
5,0.1836557239294052,0.9487078189849854
7,0.18185994029045105,0.9492815136909485
3,0.1849481165409088,0.9483529925346375
8,0.18147079646587372,0.9495681524276733
1,0.18477651476860046,0.9507764577865601
9,0.18882277607917786,0.9505913853645325
Average,0.1870066687464714,0.9487377643585205
