Client,Loss,Accuracy
4,0.1942652463912964,0.9466071724891663
7,0.18733760714530945,0.9492642879486084
3,0.19118180871009827,0.9483321309089661
1,0.18965081870555878,0.9507571458816528
9,0.19324108958244324,0.9505642652511597
6,0.20089490711688995,0.9483964443206787
8,0.18581046164035797,0.9495535492897034
2,0.19557878375053406,0.9468464255332947
10,0.1960335075855255,0.9482035636901855
5,0.18885795772075653,0.9486749768257141
Average,0.192285218834877,0.948719996213913
