Client,Loss,Accuracy
10,0.19060900807380676,0.9482147693634033
9,0.18878202140331268,0.9505952596664429
8,0.18122482299804688,0.9495684504508972
7,0.1815970093011856,0.9492807388305664
2,0.18933244049549103,0.9468546509742737
6,0.1955326944589615,0.948391854763031
1,0.18485143780708313,0.9507758021354675
3,0.1849554181098938,0.9483526945114136
5,0.1836318075656891,0.9487073421478271
4,0.18884168565273285,0.946636438369751
Average,0.18693583458662033,0.9487378001213074
