Client,Loss,Accuracy
1,0.18472661077976227,0.9507726430892944
9,0.1888689547777176,0.9505947828292847
8,0.1812915802001953,0.9495673179626465
10,0.19072359800338745,0.9482142925262451
2,0.1895424723625183,0.9468544125556946
5,0.18376308679580688,0.9487053751945496
3,0.18537892401218414,0.9483509659767151
6,0.19605456292629242,0.9483928680419922
7,0.18160143494606018,0.9492788314819336
4,0.18896567821502686,0.9466339349746704
Average,0.18709169030189515,0.9487365424633026
