Client,Loss,Accuracy
6,0.19739092886447906,0.9483915567398071
5,0.18531744182109833,0.948695182800293
10,0.19205915927886963,0.9482117295265198
3,0.18696355819702148,0.9483469128608704
1,0.185853511095047,0.9507691264152527
4,0.19029295444488525,0.9466275572776794
9,0.19001299142837524,0.9505892992019653
8,0.1825675666332245,0.9495663046836853
2,0.191288560628891,0.9468507766723633
7,0.1828693449497223,0.9492742419242859
Average,0.18846160173416138,0.9487322688102722
