Client,Loss,Accuracy
2,0.18850964307785034,0.9468544125556946
4,0.187973752617836,0.946637749671936
1,0.184263214468956,0.9507766962051392
7,0.18088801205158234,0.9492825865745544
8,0.18122948706150055,0.9495682716369629
9,0.1882544457912445,0.9505929946899414
5,0.18258139491081238,0.9487087726593018
3,0.18440109491348267,0.9483532309532166
10,0.18973718583583832,0.9482170343399048
6,0.19472965598106384,0.9483936429023743
Average,0.1862567886710167,0.9487385392189026
