Client,Loss,Accuracy
8,0.18145987391471863,0.9495677947998047
3,0.18565332889556885,0.948348879814148
10,0.1906612515449524,0.9482133984565735
5,0.18366484344005585,0.9487032890319824
6,0.19617804884910583,0.9483919143676758
4,0.18909898400306702,0.94663006067276
1,0.18464775383472443,0.9507710337638855
2,0.18952398002147675,0.9468525648117065
9,0.18899817764759064,0.9505934119224548
7,0.18157902359962463,0.9492774605751038
Average,0.1871465265750885,0.9487349808216095
