Client,Loss,Accuracy
3,0.1912146806716919,0.9483214020729065
9,0.19282612204551697,0.9505459070205688
6,0.200450599193573,0.9483979344367981
1,0.18977609276771545,0.9507551193237305
7,0.18679074943065643,0.949255108833313
5,0.18839797377586365,0.9486836791038513
8,0.18540678918361664,0.9495612382888794
10,0.19562657177448273,0.9481989741325378
4,0.19390927255153656,0.946591854095459
2,0.19496488571166992,0.946841835975647
Average,0.19193637371063232,0.9487153053283691
