Client,Loss,Accuracy
7,0.18150582909584045,0.9492822289466858
2,0.18910770118236542,0.9468545317649841
6,0.1950281858444214,0.9483941793441772
1,0.18456102907657623,0.9507761597633362
5,0.18330368399620056,0.948708176612854
8,0.18119673430919647,0.9495683908462524
3,0.18476639688014984,0.9483532309532166
10,0.19028452038764954,0.9482156038284302
9,0.1886335015296936,0.9505910277366638
4,0.1884499192237854,0.9466376304626465
Average,0.1866837501525879,0.9487381160259247
