Client,Loss,Accuracy
4,0.18863427639007568,0.9466376304626465
3,0.18465252220630646,0.948353111743927
5,0.1832234412431717,0.9487086534500122
6,0.19493283331394196,0.9483940601348877
2,0.18876692652702332,0.9468543529510498
9,0.1885763704776764,0.9505934715270996
1,0.18469800055027008,0.9507764577865601
7,0.18150034546852112,0.9492825269699097
10,0.19020378589630127,0.9482163190841675
8,0.18115825951099396,0.949569046497345
Average,0.1866346761584282,0.9487385630607605
