Client,Loss,Accuracy
4,1.6825871467590332,0.72
10,1.7319295406341553,0.69
9,1.7590198516845703,0.66
7,1.776332139968872,0.64
5,1.7656750679016113,0.66
1,1.698470115661621,0.67
2,1.8301889896392822,0.58
3,1.7554467916488647,0.64
8,1.8150007724761963,0.59
6,1.7750409841537476,0.65
Average,1.7589691400527954,0.65
