Client,Loss,Accuracy
6,1.3999038934707642,0.65
9,1.3823349475860596,0.66
4,1.1667636632919312,0.72
3,1.307828664779663,0.64
7,1.3943325281143188,0.64
1,1.188715934753418,0.67
5,1.3618136644363403,0.66
8,1.4675809144973755,0.59
10,1.2984259128570557,0.69
2,1.5232248306274414,0.58
Average,1.3490924954414367,0.65
