Round,Loss,Accuracy
4,0.7201055586338043,0.09071428701281548
