Client,Loss,Accuracy
6,1.3928444385528564,0.65
4,1.173690676689148,0.72
8,1.4618549346923828,0.59
10,1.309475302696228,0.69
2,1.5255393981933594,0.58
5,1.3612596988677979,0.66
1,1.1872084140777588,0.67
3,1.300742268562317,0.64
7,1.4052164554595947,0.64
9,1.3888157606124878,0.66
Average,1.350664734840393,0.6499999999999999
