Round,Loss,Accuracy
5,0.7205151915550232,0.17142856866121292
