Client,Loss,Accuracy
8,1.4663220643997192,0.59
6,1.3815302848815918,0.65
5,1.363182544708252,0.66
7,1.3989880084991455,0.64
4,1.1647683382034302,0.72
10,1.2994914054870605,0.69
3,1.312195897102356,0.64
9,1.3898814916610718,0.66
1,1.2003440856933594,0.67
2,1.5282635688781738,0.58
Average,1.350496768951416,0.65
