Client,Loss,Accuracy
9,1.3948240280151367,0.66
1,1.215872049331665,0.67
6,1.3877822160720825,0.65
2,1.5233087539672852,0.58
3,1.3266022205352783,0.64
4,1.1623320579528809,0.72
10,1.302651047706604,0.69
8,1.4744302034378052,0.59
5,1.3796952962875366,0.66
7,1.3950008153915405,0.64
Average,1.3562498688697815,0.6499999999999999
