Client,Loss,Accuracy
10,1.2940986156463623,0.69
8,1.460739016532898,0.59
7,1.3918836116790771,0.64
6,1.385345220565796,0.65
9,1.381568431854248,0.66
2,1.521950364112854,0.58
4,1.159769058227539,0.72
1,1.1866172552108765,0.67
5,1.361688494682312,0.66
3,1.3042504787445068,0.64
Average,1.344791054725647,0.6499999999999999
