Round,Loss,Accuracy
3,0.7204065918922424,0.1428571417927742
