Round,Loss,Accuracy
1,0.7207190692424774,0.06285714358091354
