Round,Loss,Accuracy
2,0.7205851078033447,0.10964285954833031
