Client,Loss,Accuracy
7,0.23352234065532684,0.933571457862854
6,0.18475063145160675,0.9549999833106995
9,0.2168309986591339,0.9392856955528259
5,0.1911424845457077,0.949999988079071
1,0.19291788339614868,0.9507142901420593
4,0.1639576554298401,0.9621428847312927
3,0.18793311715126038,0.9514285922050476
10,0.15433169901371002,0.9671428799629211
8,0.21257829666137695,0.9421428442001343
2,0.2039967030286789,0.9464285969734192
Average,0.19419618099927902,0.9497857213020324
