Client,Loss,Accuracy
5,1.3796534538269043,0.66
1,1.2393983602523804,0.67
7,1.3939520120620728,0.64
8,1.4698354005813599,0.59
10,1.307557463645935,0.69
4,1.186869502067566,0.72
2,1.5175219774246216,0.58
3,1.3465312719345093,0.64
6,1.3954845666885376,0.65
9,1.395613193511963,0.66
Average,1.363241720199585,0.65
