Client,Loss,Accuracy
9,1.5263218879699707,0.66
3,1.5099046230316162,0.64
10,1.475335717201233,0.69
6,1.5391210317611694,0.65
2,1.6213667392730713,0.58
5,1.522202730178833,0.66
7,1.535853385925293,0.64
4,1.4018257856369019,0.72
8,1.5882015228271484,0.59
1,1.4319883584976196,0.67
Average,1.5152121782302856,0.6499999999999999
