Client,Loss,Accuracy
5,0.19214943051338196,0.949999988079071
4,0.16452166438102722,0.9621428847312927
3,0.1887826770544052,0.9514285922050476
6,0.1850568950176239,0.9549999833106995
10,0.15463821589946747,0.9671428799629211
1,0.1935133934020996,0.9507142901420593
7,0.2342766672372818,0.933571457862854
8,0.21332517266273499,0.9421428442001343
9,0.21783670783042908,0.9392856955528259
2,0.20444117486476898,0.9464285969734192
Average,0.19485419988632202,0.9497857213020324
