Client,Loss,Accuracy
4,1.5705827474594116,0.72
5,1.662536382675171,0.66
6,1.672471046447754,0.65
8,1.7196780443191528,0.59
7,1.6686979532241821,0.64
1,1.5873563289642334,0.67
2,1.7431107759475708,0.58
10,1.6293834447860718,0.69
3,1.6581400632858276,0.64
9,1.6613084077835083,0.66
Average,1.6573265194892883,0.65
